Date,Open,High,Low,Close,Adj Close,Volume
2019-01-02,39400.0,39400.0,38550.0,38750.0,33061.84765625,7847664
2019-01-03,38300.0,38550.0,37450.0,37600.0,32080.662109375,12471493
2019-01-04,37450.0,37600.0,36850.0,37450.0,31952.66796875,14108958
2019-01-07,38000.0,38900.0,37800.0,38750.0,33061.84765625,12748997
2019-01-08,38000.0,39200.0,37950.0,38100.0,32507.259765625,12756554
2019-01-09,38650.0,39600.0,38300.0,39600.0,33787.06640625,17452708
2019-01-10,40000.0,40150.0,39600.0,39800.0,33957.72265625,14731699
2019-01-11,40350.0,40550.0,39950.0,40500.0,34554.96484375,11661063
2019-01-14,40450.0,40700.0,39850.0,40050.0,34171.0234375,11984996
2019-01-15,40050.0,41100.0,39850.0,41100.0,35066.8984375,11492756
2019-01-16,41150.0,41450.0,40700.0,41450.0,35365.51953125,8491595
2019-01-17,41700.0,42100.0,41450.0,41950.0,35792.1171875,11736903
2019-01-18,42000.0,42400.0,41950.0,42300.0,36090.74609375,11029256
2019-01-21,42700.0,42750.0,41900.0,42750.0,36474.6875,11355701
2019-01-22,42750.0,42850.0,41850.0,42150.0,35962.76953125,9964356
2019-01-23,41350.0,42250.0,41350.0,42000.0,35834.77734375,11071079
2019-01-24,43050.0,43100.0,42350.0,43050.0,36730.6484375,14747623
2019-01-25,44300.0,44750.0,43750.0,44750.0,38181.1015625,22789395
2019-01-28,45000.0,45500.0,44600.0,45050.0,38437.05859375,17998914
2019-01-29,45050.0,45500.0,44350.0,45500.0,38821.0234375,16215017
2019-01-30,44800.0,46400.0,44800.0,46400.0,39588.89453125,17505980
2019-01-31,46650.0,47050.0,46150.0,46150.0,39375.6015625,21621145
2019-02-01,46650.0,46950.0,46250.0,46350.0,39546.23828125,13832454
2019-02-07,46800.0,47100.0,46200.0,46200.0,39418.265625,15872001
2019-02-08,45700.0,45700.0,44650.0,44800.0,38223.76953125,12689196
2019-02-11,44500.0,45000.0,44250.0,45000.0,38394.40625,11125044
2019-02-12,44650.0,46250.0,44650.0,46050.0,39290.2734375,13184367
2019-02-13,46400.0,46700.0,46000.0,46200.0,39418.265625,11299738
2019-02-14,46600.0,47500.0,46150.0,47500.0,40527.4375,17259341
2019-02-15,46750.0,46850.0,45650.0,46050.0,39290.2734375,10554643
2019-02-18,46500.0,46850.0,45850.0,46200.0,39418.265625,8183728
2019-02-19,45850.0,46150.0,45450.0,45950.0,39204.95703125,6741395
2019-02-20,46750.0,47100.0,46500.0,46900.0,40015.50390625,11506720
2019-02-21,46500.0,47200.0,46200.0,46950.0,40058.1640625,8694009
2019-02-22,46500.0,47150.0,46450.0,47150.0,40228.796875,6895772
2019-02-25,47400.0,47550.0,47050.0,47350.0,40399.4375,7484716
2019-02-26,47350.0,47450.0,46500.0,46750.0,39887.5234375,7985547
2019-02-27,47000.0,47250.0,46750.0,46750.0,39887.5234375,8045211
2019-02-28,46400.0,46500.0,45100.0,45100.0,38479.7265625,23569321
2019-03-04,46000.0,46100.0,44800.0,44850.0,38266.42578125,12926539
2019-03-05,44600.0,45100.0,44150.0,44250.0,37754.49609375,10612405
2019-03-06,44000.0,44300.0,43700.0,44000.0,37541.1875,10202544
2019-03-07,43400.0,44950.0,43400.0,44450.0,37925.140625,11049749
2019-03-08,44450.0,44800.0,43800.0,43800.0,37370.5546875,7729069
2019-03-11,44400.0,44450.0,43650.0,43650.0,37242.5625,10717408
2019-03-12,44300.0,44950.0,44150.0,44650.0,38095.7890625,11431977
2019-03-13,44250.0,44450.0,43700.0,43850.0,37413.21875,8108343
2019-03-14,43700.0,44300.0,43550.0,43850.0,37413.21875,18039161
2019-03-15,43800.0,44250.0,43700.0,44200.0,37711.84375,16814163
2019-03-18,43950.0,44150.0,43450.0,43700.0,37285.234375,8188876
2019-03-19,43750.0,43900.0,43550.0,43900.0,37455.875,7609563
2019-03-20,43800.0,44200.0,43100.0,44050.0,37583.85546875,9846242
2019-03-21,44600.0,46250.0,44050.0,45850.0,39119.64453125,21138016
2019-03-22,46850.0,47000.0,46250.0,46550.0,39716.87890625,12535911
2019-03-25,45300.0,45650.0,44800.0,45500.0,38821.0234375,8699728
2019-03-26,45500.0,45700.0,44900.0,45250.0,38607.70703125,9729811
2019-03-27,44750.0,45600.0,44250.0,45350.0,38693.02734375,9568081
2019-03-28,44950.0,45200.0,44300.0,44850.0,38567.48046875,6821306
2019-03-29,44500.0,44900.0,44200.0,44650.0,38395.50390625,11491713
2019-04-01,45200.0,45450.0,44850.0,45050.0,38739.45703125,7362129
2019-04-02,45550.0,46100.0,45350.0,45750.0,39341.40625,9480688
2019-04-03,46750.0,46750.0,45800.0,46600.0,40072.34375,12436570
2019-04-04,46150.0,47100.0,46150.0,46950.0,40373.3125,12650168
2019-04-05,46950.0,47550.0,46600.0,46850.0,40287.328125,8546339
2019-04-08,47250.0,47250.0,46150.0,46650.0,40115.34375,8507909
2019-04-09,46700.0,46950.0,46200.0,46650.0,40115.34375,6878761
2019-04-10,46400.0,46700.0,46050.0,46700.0,40158.328125,11883995
2019-04-11,46700.0,46800.0,46150.0,46250.0,39771.3671875,13697399
2019-04-12,46050.0,46900.0,46000.0,46850.0,40287.328125,7668936
2019-04-15,47150.0,47500.0,47000.0,47050.0,40459.3203125,8733019
2019-04-16,47400.0,47400.0,46800.0,47250.0,40631.28515625,7730881
2019-04-17,47300.0,47600.0,47000.0,47050.0,40459.3203125,5513658
2019-04-18,47200.0,47250.0,45500.0,45600.0,39212.41796875,12808747
2019-04-19,45750.0,46000.0,45250.0,45300.0,38954.44140625,8479710
2019-04-22,45400.0,45900.0,45100.0,45350.0,38997.4375,6006957
2019-04-23,45050.0,45500.0,45000.0,45200.0,38868.44921875,6920566
2019-04-24,45400.0,45650.0,44150.0,44750.0,38481.48828125,13299267
2019-04-25,44250.0,45000.0,44100.0,44650.0,38395.50390625,10868965
2019-04-26,44200.0,45000.0,43800.0,44850.0,38567.48046875,9739982
2019-04-29,45150.0,46150.0,45100.0,46150.0,39685.3828125,8777517
2019-04-30,46000.0,46300.0,45350.0,45850.0,39427.40625,11121273
2019-05-02,45500.0,46150.0,45400.0,45900.0,39470.3984375,8625126
2019-05-03,45900.0,46050.0,45300.0,45300.0,38954.44140625,6562916
2019-05-07,45250.0,45300.0,44400.0,44850.0,38567.48046875,12014907
2019-05-08,44300.0,44850.0,44200.0,44250.0,38051.52734375,10398754
2019-05-09,43900.0,44250.0,42450.0,42450.0,36503.66015625,23029718
2019-05-10,42600.0,43450.0,42450.0,42900.0,36890.63671875,14579512
2019-05-13,42500.0,43200.0,42350.0,42650.0,36675.65625,7635079
2019-05-14,41300.0,43100.0,41300.0,42650.0,36675.65625,11563730
2019-05-15,42700.0,43050.0,42550.0,42550.0,36589.65625,7670185
2019-05-16,42350.0,42400.0,41350.0,41550.0,35729.74609375,13687828
2019-05-17,41950.0,42050.0,40850.0,41200.0,35428.76171875,13357951
2019-05-20,41650.0,42100.0,41550.0,42000.0,36116.703125,15752397
2019-05-21,42600.0,43950.0,42350.0,43150.0,37105.61328125,18812133
2019-05-22,43700.0,43800.0,42400.0,43500.0,37406.59375,11033339
2019-05-23,43900.0,44000.0,43250.0,43850.0,37707.5625,12259006
2019-05-24,43800.0,43800.0,42400.0,42700.0,36718.640625,13966305
2019-05-27,42500.0,43000.0,42350.0,42650.0,36675.65625,8066669
2019-05-28,42550.0,42950.0,42150.0,42550.0,36589.65625,24506881
2019-05-29,41850.0,42100.0,41300.0,41800.0,35944.7265625,14930618
2019-05-30,42200.0,42700.0,42150.0,42550.0,36589.65625,11766018
2019-05-31,42600.0,42800.0,42150.0,42500.0,36546.66796875,11365999
2019-06-03,42950.0,43900.0,42500.0,43800.0,37664.56640625,15466580
2019-06-04,43400.0,43700.0,43000.0,43450.0,37363.5859375,9913497
2019-06-05,44050.0,44200.0,43700.0,43900.0,37750.55859375,12464135
2019-06-07,43600.0,44350.0,43450.0,44200.0,38008.53125,11683682
2019-06-10,44300.0,44850.0,44050.0,44800.0,38524.48828125,8792182
2019-06-11,44800.0,45000.0,44550.0,44850.0,38567.48046875,6664872
2019-06-12,44800.0,45050.0,44300.0,44600.0,38352.5078125,8607439
2019-06-13,44200.0,44400.0,43400.0,43750.0,37621.57421875,16906541
2019-06-14,43750.0,44150.0,43300.0,44000.0,37836.5390625,9322873
2019-06-17,43750.0,44050.0,43400.0,43900.0,37750.55859375,11890424
2019-06-18,43750.0,44500.0,43650.0,44350.0,38137.5234375,7994928
2019-06-19,45450.0,45450.0,45000.0,45350.0,38997.4375,10417690
2019-06-20,44850.0,45500.0,44850.0,45500.0,39126.4375,7147785
2019-06-21,45750.0,45800.0,45200.0,45700.0,39298.41796875,9454913
2019-06-24,45200.0,45800.0,45200.0,45500.0,39126.4375,6085066
2019-06-25,45200.0,45800.0,45200.0,45600.0,39212.41796875,7076774
2019-06-26,45800.0,46000.0,45600.0,45700.0,39298.41796875,9226097
2019-06-27,46000.0,46600.0,45750.0,46500.0,40298.5078125,12603534
2019-06-28,47000.0,47000.0,46700.0,47000.0,40731.8203125,12949231
2019-07-01,47350.0,47400.0,46250.0,46600.0,40385.1796875,11383522
2019-07-02,46200.0,46900.0,45850.0,46250.0,40081.84765625,8463073
2019-07-03,45750.0,46350.0,45200.0,45400.0,39345.20703125,9669368
2019-07-04,45250.0,46200.0,45250.0,46000.0,39865.19140625,6365573
2019-07-05,45950.0,45950.0,45250.0,45650.0,39561.8671875,7235395
2019-07-08,44750.0,44800.0,44350.0,44400.0,38478.578125,7823843
2019-07-09,44850.0,45450.0,44700.0,45100.0,39085.22265625,7646421
2019-07-10,45550.0,46150.0,45500.0,45550.0,39475.203125,9253930
2019-07-11,46350.0,46550.0,46150.0,46200.0,40038.52734375,10989751
2019-07-12,46350.0,46400.0,45800.0,46300.0,40125.1796875,5245804
2019-07-15,45950.0,46650.0,45750.0,46450.0,40255.1796875,4717226
2019-07-16,46450.0,46850.0,46300.0,46850.0,40601.83984375,7407824
2019-07-17,46150.0,46350.0,45950.0,46050.0,39908.5234375,5216602
2019-07-18,46450.0,46450.0,45650.0,46100.0,39951.85546875,5143554
2019-07-19,46650.0,46950.0,46600.0,46800.0,40558.5078125,8819393
2019-07-22,46800.0,47300.0,46600.0,47200.0,40905.15234375,9009109
2019-07-23,47350.0,47550.0,47050.0,47300.0,40991.8203125,9061381
2019-07-24,47100.0,47150.0,46250.0,46400.0,40211.84375,8756522
2019-07-25,47150.0,47200.0,46600.0,47200.0,40905.15234375,8408838
2019-07-26,46650.0,47150.0,46550.0,47150.0,40861.82421875,7873886
2019-07-29,46800.0,47050.0,46000.0,46100.0,39951.85546875,6856846
2019-07-30,46300.0,46850.0,46300.0,46550.0,40341.84375,5551014
2019-07-31,46200.0,46600.0,45000.0,45350.0,39301.875,12872916
2019-08-01,44900.0,45500.0,44850.0,45200.0,39171.8828125,7811181
2019-08-02,44550.0,45500.0,44300.0,44950.0,38955.23046875,12151374
2019-08-05,44350.0,44600.0,43600.0,43950.0,38088.58984375,14214086
2019-08-06,42500.0,43800.0,42500.0,43500.0,37698.609375,15083824
2019-08-07,43600.0,43900.0,43100.0,43200.0,37438.6171875,10002533
2019-08-08,43250.0,43500.0,42650.0,42650.0,36961.96875,16926881
2019-08-09,43250.0,43350.0,43050.0,43150.0,37395.28515625,9685147
2019-08-12,44000.0,44000.0,43550.0,43700.0,37871.9296875,8466169
2019-08-13,43500.0,43500.0,42950.0,43000.0,37265.296875,7276979
2019-08-14,43900.0,44250.0,43500.0,43700.0,37871.9296875,8750135
2019-08-16,43800.0,43900.0,43300.0,43900.0,38045.265625,9528115
2019-08-19,44350.0,44350.0,43500.0,43600.0,37785.2734375,6014218
2019-08-20,43950.0,44600.0,43550.0,44450.0,38521.90625,8434205
2019-08-21,44350.0,44800.0,44150.0,44500.0,38565.2421875,6571717
2019-08-22,44500.0,44700.0,43850.0,44050.0,38175.25390625,8061177
2019-08-23,43800.0,44200.0,43650.0,43950.0,38088.58984375,5017381
2019-08-26,43050.0,43800.0,42950.0,43600.0,37785.2734375,7954949
2019-08-27,43650.0,44200.0,43600.0,44050.0,38175.25390625,16883932
2019-08-28,44100.0,44400.0,43750.0,44150.0,38261.9140625,5758333
2019-08-29,44200.0,44200.0,43050.0,43400.0,37611.9375,10768862
2019-08-30,43750.0,44300.0,43750.0,44000.0,38131.91796875,9899073
2019-09-02,44850.0,44850.0,43650.0,43800.0,37958.59375,7185537
2019-09-03,43550.0,43650.0,43100.0,43250.0,37481.94921875,9774941
2019-09-04,43250.0,44100.0,43150.0,44100.0,38218.5859375,12441837
2019-09-05,44800.0,46100.0,44450.0,45700.0,39605.1953125,18297430
2019-09-06,46500.0,46500.0,45850.0,46300.0,40125.1796875,9896562
2019-09-09,46450.0,47000.0,46300.0,46900.0,40645.16015625,9434157
2019-09-10,47100.0,47200.0,46550.0,47000.0,40731.8203125,9231792
2019-09-11,47300.0,47400.0,46800.0,47150.0,40861.82421875,16141619
2019-09-16,47000.0,47100.0,46400.0,47100.0,40818.49609375,15550926
2019-09-17,47000.0,47100.0,46800.0,46900.0,40645.16015625,7006280
2019-09-18,46900.0,47700.0,46800.0,47700.0,41338.47265625,10413027
2019-09-19,48050.0,49200.0,47850.0,49150.0,42595.09375,16461413
2019-09-20,49400.0,49600.0,49100.0,49200.0,42638.4296875,15460210
2019-09-23,49250.0,49300.0,49000.0,49300.0,42725.08984375,7568553
2019-09-24,49050.0,49650.0,48850.0,49500.0,42898.40625,7871955
2019-09-25,49200.0,49350.0,48800.0,48900.0,42378.4296875,9187141
2019-09-26,49000.0,49250.0,48900.0,49200.0,42638.4296875,8494756
2019-09-27,48000.0,48700.0,48000.0,48400.0,42249.08984375,8048041
2019-09-30,48050.0,49250.0,47900.0,49050.0,42816.5,9497119
2019-10-01,48900.0,49100.0,48650.0,48850.0,42641.921875,6206035
2019-10-02,48350.0,48400.0,47600.0,47600.0,41550.76953125,8382463
2019-10-04,47400.0,48650.0,47350.0,48000.0,41899.94140625,9331695
2019-10-07,48350.0,48700.0,47650.0,47750.0,41681.7109375,7047273
2019-10-08,47900.0,49000.0,47600.0,48900.0,42685.55859375,14239367
2019-10-10,48200.0,49200.0,48000.0,48550.0,42380.03515625,18639855
2019-10-11,49000.0,49450.0,48800.0,49150.0,42903.7890625,7783275
2019-10-14,50000.0,50300.0,49850.0,50000.0,43645.765625,11130635
2019-10-15,49900.0,50200.0,49900.0,50100.0,43733.05859375,6058105
2019-10-16,50700.0,50900.0,50400.0,50700.0,44256.80078125,9136282
2019-10-17,50500.0,50600.0,50100.0,50500.0,44082.22265625,6701380
2019-10-18,50300.0,50900.0,49650.0,49900.0,43558.4765625,8483106
2019-10-21,49900.0,50400.0,49800.0,50300.0,43907.64453125,4406531
2019-10-22,50800.0,51500.0,50700.0,51200.0,44693.26953125,10898729
2019-10-23,51300.0,51500.0,50800.0,51200.0,44693.26953125,8663880
2019-10-24,52500.0,52500.0,50500.0,50700.0,44256.80078125,21185785
2019-10-25,50800.0,51200.0,50500.0,50900.0,44431.39453125,7879897
2019-10-28,50700.0,51500.0,50700.0,51300.0,44780.5546875,6431522
2019-10-29,51400.0,51700.0,50800.0,51100.0,44605.97265625,7581629
2019-10-30,50700.0,50800.0,50200.0,50400.0,43994.93359375,8959435
2019-10-31,51000.0,51400.0,50300.0,50400.0,43994.93359375,10304777
2019-11-01,50600.0,51200.0,50400.0,51200.0,44693.26953125,8467846
2019-11-04,51700.0,52300.0,51400.0,52300.0,45653.4765625,13012411
2019-11-05,52400.0,52700.0,52100.0,52700.0,46002.63671875,10581034
2019-11-06,52900.0,53500.0,52700.0,53300.0,46526.390625,14361133
2019-11-07,53400.0,53400.0,52400.0,52900.0,46177.22265625,9257116
2019-11-08,53200.0,53300.0,52000.0,52100.0,45478.88671875,11603290
2019-11-11,52200.0,52200.0,51400.0,51600.0,45042.41796875,8185952
2019-11-12,51800.0,52600.0,51600.0,52600.0,45915.33984375,6576148
2019-11-13,52500.0,52500.0,52000.0,52500.0,45828.05859375,6225196
2019-11-14,51900.0,52800.0,51900.0,52800.0,46089.92578125,12010018
2019-11-15,52900.0,53700.0,52600.0,53700.0,46875.5546875,9703360
2019-11-18,53600.0,53800.0,53200.0,53500.0,46700.97265625,7746554
2019-11-19,53200.0,53500.0,52700.0,53500.0,46700.97265625,8907177
2019-11-20,53400.0,53400.0,52000.0,52000.0,45391.60546875,12560070
2019-11-21,51600.0,52100.0,50600.0,51000.0,44518.6796875,14298646
2019-11-22,51000.0,51600.0,50900.0,51600.0,45042.41796875,8478310
2019-11-25,52200.0,52600.0,51700.0,51800.0,45217.01171875,9050625
2019-11-26,51900.0,52900.0,51800.0,51800.0,45217.01171875,27372226
2019-11-27,51800.0,52300.0,51600.0,52200.0,45566.17578125,7546261
2019-11-28,51900.0,52100.0,51300.0,51300.0,44780.5546875,6833885
2019-11-29,51200.0,51400.0,50200.0,50300.0,43907.64453125,11179334
2019-12-02,50900.0,51300.0,50400.0,50400.0,43994.93359375,18877252
2019-12-03,49800.0,50300.0,49500.0,49900.0,43558.4765625,12059812
2019-12-04,49600.0,49850.0,49000.0,49450.0,43165.66796875,13246549
2019-12-05,50200.0,50400.0,49500.0,49500.0,43209.3125,10449715
2019-12-06,50100.0,50900.0,49950.0,50400.0,43994.93359375,11414563
2019-12-09,50900.0,51400.0,50700.0,51200.0,44693.26953125,8470627
2019-12-10,51000.0,51600.0,50700.0,51500.0,44955.140625,6882771
2019-12-11,51500.0,52200.0,51400.0,51900.0,45304.30859375,11379521
2019-12-12,53000.0,53300.0,52700.0,53300.0,46526.390625,29178697
2019-12-13,54500.0,54800.0,53900.0,54700.0,47748.46484375,18120261
2019-12-16,54500.0,54900.0,54300.0,54700.0,47748.46484375,11512405
2019-12-17,55800.0,56700.0,55400.0,56700.0,49494.2890625,19358433
2019-12-18,56700.0,57200.0,56000.0,56300.0,49145.1328125,15558208
2019-12-19,57000.0,57300.0,55500.0,56000.0,48883.25390625,14180520
2019-12-20,56100.0,56500.0,55600.0,56000.0,48883.25390625,12095519
2019-12-23,56100.0,56400.0,55100.0,55500.0,48446.80078125,9839252
2019-12-24,55600.0,55700.0,54800.0,55000.0,48010.34765625,11868463
2019-12-26,54700.0,55400.0,54400.0,55400.0,48359.515625,9645034
2019-12-27,55700.0,56900.0,55500.0,56500.0,49636.90234375,12313056
2019-12-30,56200.0,56600.0,55700.0,55800.0,49021.92578125,8356767
2020-01-02,55500.0,56000.0,55000.0,55200.0,48494.80859375,12993228
2020-01-03,56000.0,56600.0,54900.0,55500.0,48758.359375,15422255
2020-01-06,54900.0,55600.0,54600.0,55500.0,48758.359375,10278951
2020-01-07,55700.0,56400.0,55600.0,55800.0,49021.92578125,10009778
2020-01-08,56200.0,57400.0,55900.0,56800.0,49900.44921875,23501171
2020-01-09,58400.0,58600.0,57400.0,58600.0,51481.79296875,24102579
2020-01-10,58800.0,59700.0,58300.0,59500.0,52272.48828125,16000170
2020-01-13,59600.0,60000.0,59100.0,60000.0,52711.75,11359139
2020-01-14,60400.0,61000.0,59900.0,60000.0,52711.75,16906295
2020-01-15,59500.0,59600.0,58900.0,59000.0,51833.21875,14300928
2020-01-16,59100.0,60700.0,59000.0,60700.0,53326.71875,14381774
2020-01-17,61900.0,62000.0,61000.0,61300.0,53853.8359375,16025661
2020-01-20,62000.0,62800.0,61700.0,62400.0,54820.21484375,12528855
2020-01-21,62000.0,62400.0,61200.0,61400.0,53941.6796875,11142693
2020-01-22,60500.0,62600.0,60400.0,62300.0,54732.359375,15339565
2020-01-23,61800.0,61800.0,60700.0,60800.0,53414.5703125,14916555
2020-01-28,59400.0,59400.0,58300.0,58800.0,51657.51171875,23664541
2020-01-29,59100.0,59700.0,58800.0,59100.0,51921.0703125,16446102
2020-01-30,58800.0,58800.0,56800.0,57200.0,50251.859375,20821939
2020-01-31,57800.0,58400.0,56400.0,56400.0,49549.0390625,19749457
2020-02-03,55500.0,57400.0,55200.0,57200.0,50251.859375,23995260
2020-02-04,57100.0,59000.0,56800.0,58900.0,51745.359375,21800192
2020-02-05,60000.0,60200.0,58900.0,59500.0,52272.48828125,19278165
2020-02-06,60100.0,61100.0,59700.0,61100.0,53678.1328125,14727159
2020-02-07,61100.0,61200.0,59700.0,60400.0,53063.15234375,16402493
2020-02-10,59200.0,59800.0,59100.0,59700.0,52448.1875,13107121
2020-02-11,59800.0,60700.0,59700.0,59900.0,52623.88671875,11071231
2020-02-12,60300.0,60700.0,59700.0,60500.0,53151.0,12904207
2020-02-13,61200.0,61600.0,60500.0,60700.0,53326.71875,18449775
2020-02-14,60900.0,61900.0,60200.0,61800.0,54293.09765625,13276067
2020-02-17,61600.0,62000.0,61200.0,61500.0,54029.53515625,8740596
2020-02-18,60800.0,60900.0,59700.0,59800.0,52536.0390625,16674266
2020-02-19,59800.0,60400.0,59400.0,60200.0,52887.4453125,12951496
2020-02-20,60700.0,61300.0,59600.0,60000.0,52711.75,14591924
2020-02-21,58800.0,59800.0,58500.0,59200.0,52008.91796875,13777393
2020-02-24,57400.0,58100.0,56800.0,56800.0,49900.44921875,25627537
2020-02-25,56200.0,58000.0,56200.0,57900.0,50866.82421875,23885408
2020-02-26,56000.0,57000.0,56000.0,56500.0,49636.90234375,25483102
2020-02-27,56300.0,56900.0,55500.0,55900.0,49109.76953125,23209541
2020-02-28,55000.0,55500.0,54200.0,54200.0,47616.2734375,30054227
2020-03-02,54300.0,55500.0,53600.0,55000.0,48319.1015625,30403412
2020-03-03,56700.0,56900.0,55100.0,55400.0,48670.51171875,30330295
2020-03-04,54800.0,57600.0,54600.0,57400.0,50427.5703125,24765728
2020-03-05,57600.0,58000.0,56700.0,57800.0,50778.984375,21698990
2020-03-06,56500.0,57200.0,56200.0,56500.0,49636.90234375,18716656
2020-03-09,56500.0,56500.0,56500.0,56500.0,49636.90234375,0
2020-03-10,53800.0,54900.0,53700.0,54600.0,47967.68359375,32106554
2020-03-11,54300.0,54400.0,52000.0,52100.0,45771.359375,45707281
2020-03-12,52100.0,52100.0,52100.0,52100.0,45771.359375,0
2020-03-13,47450.0,51600.0,46850.0,49950.0,43882.51953125,59462933
2020-03-16,50100.0,50900.0,48800.0,48900.0,42960.0625,33339821
2020-03-17,46900.0,49650.0,46700.0,47300.0,41554.421875,51218151
2020-03-18,47750.0,48350.0,45600.0,45600.0,40060.921875,40152623
2020-03-19,46400.0,46650.0,42300.0,42950.0,37732.828125,56925513
2020-03-20,44150.0,45500.0,43550.0,45400.0,39885.21484375,49730008
2020-03-23,42600.0,43550.0,42400.0,42500.0,37337.48046875,41701626
2020-03-24,43850.0,46950.0,43050.0,46950.0,41246.93359375,49801908
2020-03-25,48950.0,49600.0,47150.0,48650.0,42740.44140625,52735922
2020-03-26,49000.0,49300.0,47700.0,47800.0,41993.6953125,42185129
2020-03-27,49600.0,49700.0,46850.0,48300.0,42432.95703125,39896178
2020-03-30,47050.0,48350.0,46550.0,47850.0,42347.99609375,26797395
2020-03-31,48000.0,48500.0,47150.0,47750.0,42259.484375,30654261
2020-04-01,47450.0,47900.0,45800.0,45800.0,40533.703125,27259532
2020-04-02,46200.0,46850.0,45350.0,46800.0,41418.7265625,21621076
2020-04-03,47400.0,47600.0,46550.0,47000.0,41595.72265625,22784682
2020-04-06,47500.0,48800.0,47250.0,48700.0,43100.25,23395726
2020-04-07,49650.0,50200.0,49000.0,49600.0,43896.765625,31524034
2020-04-08,49600.0,49750.0,48600.0,48600.0,43011.75,25010314
2020-04-09,49750.0,49800.0,48700.0,49100.0,43454.26953125,22628058
2020-04-10,48950.0,49250.0,48650.0,49250.0,43587.01171875,17839111
2020-04-13,48650.0,48900.0,48300.0,48300.0,42746.25,14431800
2020-04-14,48800.0,49200.0,48300.0,49000.0,43365.765625,14206216
2020-04-16,49350.0,49350.0,48550.0,49000.0,43365.765625,23349760
2020-04-17,50800.0,52000.0,50300.0,51400.0,45489.8046875,32041675
2020-04-20,51400.0,51400.0,50000.0,50100.0,44339.2734375,21866354
2020-04-21,49400.0,49700.0,48700.0,49250.0,43587.01171875,27407543
2020-04-22,48700.0,50000.0,48350.0,49850.0,44118.01171875,18613864
2020-04-23,50200.0,50300.0,49500.0,49850.0,44118.01171875,18754442
2020-04-24,49650.0,49750.0,49000.0,49350.0,43675.50390625,15618347
2020-04-27,49350.0,50000.0,49100.0,49850.0,44118.01171875,14049471
2020-04-28,49850.0,50100.0,49300.0,50100.0,44339.2734375,16095399
2020-04-29,49900.0,50500.0,49600.0,50000.0,44250.7734375,15604533
2020-05-04,48900.0,49100.0,48500.0,48500.0,42923.25,26083749
2020-05-06,49000.0,49200.0,48500.0,49200.0,43542.765625,18070225
2020-05-07,49200.0,49300.0,48700.0,48800.0,43188.75,13884411
2020-05-08,49100.0,49350.0,48800.0,48800.0,43188.75,15319700
2020-05-11,48900.0,49250.0,48300.0,48400.0,42834.75390625,16357743
2020-05-12,48400.0,48500.0,47550.0,47900.0,42392.2421875,23433590
2020-05-13,47250.0,48550.0,47200.0,48550.0,42967.4921875,20223277
2020-05-14,47750.0,48100.0,47650.0,48000.0,42480.75,19305974
2020-05-15,48400.0,48450.0,47700.0,47850.0,42347.99609375,18463118
2020-05-18,47950.0,49100.0,47600.0,48800.0,43188.75,20481981
2020-05-19,50100.0,50500.0,49700.0,50300.0,44516.27734375,25168295
2020-05-20,50000.0,50200.0,49800.0,50000.0,44250.7734375,14896899
2020-05-21,50300.0,50400.0,49850.0,49950.0,44206.51953125,14949266
2020-05-22,49600.0,49800.0,48600.0,48750.0,43144.49609375,19706284
2020-05-25,48750.0,48900.0,48450.0,48850.0,43233.015625,14337913
2020-05-26,48700.0,49450.0,48600.0,49250.0,43587.01171875,15127490
2020-05-27,48950.0,50000.0,48800.0,49900.0,44162.27734375,19548479
2020-05-28,51100.0,51200.0,49900.0,50400.0,44604.77734375,31309318
2020-05-29,50000.0,50700.0,49700.0,50700.0,44870.28125,27596961
2020-06-01,50800.0,51200.0,50600.0,51200.0,45312.796875,16949183
2020-06-02,51000.0,51500.0,50800.0,51400.0,45489.8046875,14247933
2020-06-03,51800.0,55000.0,51700.0,54500.0,48233.34765625,49257814
2020-06-04,55800.0,57000.0,54600.0,54600.0,48321.83984375,40220334
2020-06-05,54400.0,55900.0,54000.0,55500.0,49118.359375,22743629
2020-06-08,56400.0,56500.0,54700.0,54900.0,48587.35546875,25634965
2020-06-09,55800.0,56500.0,54400.0,55500.0,49118.359375,23998831
2020-06-10,55100.0,55900.0,54900.0,55400.0,49029.859375,16742493
2020-06-11,54500.0,55100.0,53200.0,54300.0,48056.34765625,33815123
2020-06-12,52100.0,52800.0,51500.0,52300.0,46286.3125,26976019
2020-06-15,51400.0,52000.0,49900.0,49900.0,44162.27734375,28772921
2020-06-16,51200.0,52100.0,50600.0,52100.0,46109.3046875,21808375
2020-06-17,52100.0,52900.0,51300.0,52200.0,46197.8125,26672595
2020-06-18,52200.0,52300.0,51600.0,52300.0,46286.3125,15982926
2020-06-19,52600.0,52900.0,51600.0,52900.0,46817.32421875,18157985
2020-06-22,52000.0,52600.0,51800.0,52000.0,46020.80859375,13801350
2020-06-23,52500.0,52800.0,51100.0,51400.0,45489.8046875,18086152
2020-06-24,51900.0,53900.0,51600.0,52900.0,46817.32421875,24519552
2020-06-25,52100.0,53000.0,51900.0,51900.0,45932.296875,18541624
2020-06-26,52800.0,53900.0,52200.0,53300.0,47171.328125,21575360
2020-06-29,52500.0,53200.0,52000.0,52400.0,46684.875,17776925
2020-06-30,53900.0,53900.0,52800.0,52800.0,47041.25,21157172
2020-07-01,53400.0,53600.0,52400.0,52600.0,46863.06640625,16706143
2020-07-02,52100.0,52900.0,52100.0,52900.0,47130.34375,14142583
2020-07-03,53000.0,53600.0,52700.0,53600.0,47753.9921875,11887868
2020-07-06,54000.0,55000.0,53800.0,55000.0,49001.30078125,19856623
2020-07-07,55800.0,55900.0,53400.0,53400.0,47575.8125,30760032
2020-07-08,53600.0,53900.0,52900.0,53000.0,47219.43359375,19664652
2020-07-09,53200.0,53600.0,52800.0,52800.0,47041.25,17054850
2020-07-10,53100.0,53200.0,52300.0,52700.0,46952.1484375,13714746
2020-07-13,53300.0,53800.0,53100.0,53400.0,47575.8125,12240188
2020-07-14,53700.0,53800.0,53200.0,53800.0,47932.1875,14269484
2020-07-15,54400.0,55000.0,54300.0,54700.0,48734.01953125,24051450
2020-07-16,54800.0,54800.0,53800.0,53800.0,47932.1875,16779127
2020-07-17,54200.0,54700.0,54100.0,54400.0,48466.73828125,10096174
2020-07-20,54800.0,54800.0,54000.0,54200.0,48288.546875,10507530
2020-07-21,55200.0,55400.0,54800.0,55300.0,49268.5859375,18297260
2020-07-22,55300.0,55500.0,54700.0,54700.0,48734.01953125,12885057
2020-07-23,54700.0,54700.0,53800.0,54100.0,48199.46484375,16214932
2020-07-24,54000.0,54400.0,53700.0,54200.0,48288.546875,10994535
2020-07-27,54300.0,55700.0,54300.0,55600.0,49535.8515625,21054421
2020-07-28,57000.0,58800.0,56400.0,58600.0,52208.6640625,48431566
2020-07-29,60300.0,60400.0,58600.0,59000.0,52565.03125,36476611
2020-07-30,59700.0,60100.0,59000.0,59000.0,52565.03125,19285354
2020-07-31,59500.0,59600.0,57700.0,57900.0,51585.01171875,21943345
2020-08-03,57800.0,57900.0,56700.0,56800.0,50604.98046875,21158940
2020-08-04,57200.0,58100.0,57000.0,57300.0,51050.4453125,19419694
2020-08-05,57300.0,57500.0,56300.0,56900.0,50694.078125,17739706
2020-08-06,57100.0,58400.0,57100.0,58000.0,51674.09375,21625874
2020-08-07,57900.0,58400.0,57100.0,57500.0,51228.625,18751717
2020-08-10,57600.0,58300.0,57500.0,57800.0,51495.91015625,17774291
2020-08-11,58000.0,59500.0,57800.0,58200.0,51852.28515625,24907912
2020-08-12,58200.0,59000.0,57700.0,59000.0,52565.03125,18573934
2020-08-13,59400.0,59600.0,58000.0,58700.0,52297.75,22089460
2020-08-14,58000.0,58400.0,57700.0,58000.0,51674.09375,15672548
2020-08-18,58900.0,59900.0,58000.0,58400.0,52030.46875,25307825
2020-08-19,59000.0,59200.0,57800.0,57800.0,51495.91015625,16930719
2020-08-20,57600.0,57600.0,55300.0,55400.0,49357.6796875,30386029
2020-08-21,56200.0,56900.0,55800.0,55900.0,49803.12890625,21142288
2020-08-24,55800.0,56600.0,55400.0,56100.0,49981.32421875,15055896
2020-08-25,56400.0,56800.0,56100.0,56400.0,50248.6015625,14021705
2020-08-26,56400.0,56500.0,55700.0,56400.0,50248.6015625,17651593
2020-08-27,56300.0,56300.0,55600.0,55600.0,49535.8515625,16196568
2020-08-28,56100.0,56300.0,55400.0,55400.0,49357.6796875,14619888
2020-08-31,56000.0,56100.0,54000.0,54000.0,48110.359375,32671367
2020-09-01,54100.0,54800.0,54100.0,54200.0,48288.546875,19363117
2020-09-02,54600.0,55100.0,54100.0,54400.0,48466.73828125,16905723
2020-09-03,55600.0,56700.0,55500.0,56400.0,50248.6015625,28384920
2020-09-04,55200.0,55800.0,55100.0,55600.0,49535.8515625,22139109
2020-09-07,56100.0,57300.0,55800.0,56500.0,50337.69921875,18685880
2020-09-08,57400.0,58700.0,57200.0,58700.0,52297.75,31517520
2020-09-09,58200.0,59300.0,57800.0,58400.0,52030.46875,30597399
2020-09-10,59900.0,60000.0,59100.0,59200.0,52743.2109375,29923293
2020-09-11,59300.0,59400.0,58200.0,59000.0,52565.03125,16017098
2020-09-14,60200.0,60800.0,59900.0,60400.0,53812.33203125,20648281
2020-09-15,60900.0,61000.0,60500.0,61000.0,54346.890625,17877075
2020-09-16,61100.0,61300.0,60600.0,61000.0,54346.890625,17041444
2020-09-17,60700.0,60800.0,59300.0,59500.0,53010.49609375,25108356
2020-09-18,59800.0,59900.0,59100.0,59300.0,52832.31640625,18884571
2020-09-21,59100.0,60000.0,59000.0,59200.0,52743.2109375,15140387
2020-09-22,59100.0,59700.0,57800.0,58200.0,51852.28515625,20830381
2020-09-23,58400.0,58800.0,57400.0,58600.0,52208.6640625,20111398
2020-09-24,57700.0,58600.0,57600.0,57800.0,51495.91015625,17564020
2020-09-25,57700.0,58200.0,57700.0,57900.0,51585.01171875,11444683
2020-09-28,58300.0,58800.0,57900.0,58200.0,52171.265625,12614080
2020-09-29,58300.0,59000.0,58200.0,58200.0,52171.265625,15503563
2020-10-05,57500.0,59200.0,57500.0,58700.0,52619.4609375,20228289
2020-10-06,59400.0,59900.0,58700.0,59000.0,52888.39453125,14463826
2020-10-07,58700.0,59900.0,58500.0,59900.0,53695.1640625,14861838
2020-10-08,60500.0,60700.0,59500.0,59700.0,53515.8828125,24589924
2020-10-12,60000.0,60400.0,59900.0,60400.0,54143.3671875,16145837
2020-10-13,61000.0,61400.0,60400.0,60900.0,54591.57421875,19247631
2020-10-14,61000.0,61100.0,60500.0,60900.0,54591.57421875,16086716
2020-10-15,60700.0,60800.0,59700.0,60000.0,53784.80078125,17756232
2020-10-16,60000.0,60400.0,59000.0,59500.0,53336.59765625,16554190
2020-10-19,59600.0,60200.0,59500.0,60000.0,53784.80078125,14474985
2020-10-20,60300.0,60900.0,60100.0,60900.0,54591.57421875,19326115
2020-10-21,61200.0,61500.0,60600.0,60900.0,54591.57421875,15703443
2020-10-22,60300.0,60500.0,59800.0,60100.0,53874.44140625,14294095
2020-10-23,60400.0,60400.0,59800.0,60200.0,53964.0859375,9322232
2020-10-26,60400.0,61100.0,60100.0,60400.0,54143.3671875,13268226
2020-10-27,60300.0,60300.0,59500.0,59800.0,53605.515625,17260416
2020-10-28,59400.0,59400.0,58800.0,59000.0,52888.39453125,14428882
2020-10-29,58200.0,58500.0,57500.0,58100.0,52081.6171875,22636966
2020-10-30,58000.0,58000.0,56600.0,56600.0,50736.98828125,26907844
2020-11-02,56400.0,57500.0,56000.0,57400.0,51454.125,20489076
2020-11-03,57900.0,58900.0,57600.0,58800.0,52709.10546875,14950919
2020-11-04,58900.0,59000.0,57800.0,58500.0,52440.1796875,21718561
2020-11-05,59000.0,60300.0,58800.0,60300.0,54053.73046875,20639475
2020-11-06,60700.0,60800.0,59600.0,60100.0,53874.44140625,16910230
2020-11-09,60700.0,60900.0,60100.0,60200.0,53964.0859375,15892961
2020-11-10,60500.0,60500.0,59500.0,60200.0,53964.0859375,19073552
2020-11-11,60700.0,61400.0,60400.0,61300.0,54950.140625,25628510
2020-11-12,61000.0,61400.0,60700.0,61000.0,54681.20703125,19800573
2020-11-13,61300.0,63200.0,61000.0,63200.0,56653.3359375,31508829
2020-11-16,64000.0,66700.0,63900.0,66300.0,59432.2109375,36354334
2020-11-17,67000.0,67000.0,65600.0,65700.0,58894.3671875,30204089
2020-11-18,65700.0,66200.0,64700.0,64800.0,58087.5859375,22963790
2020-11-19,64100.0,64800.0,63900.0,64600.0,57908.3125,16590290
2020-11-20,63900.0,65200.0,63900.0,64700.0,57997.953125,15068682
2020-11-23,64800.0,67800.0,64700.0,67500.0,60507.89453125,27134398
2020-11-24,67900.0,69500.0,67000.0,67700.0,60687.19140625,32158235
2020-11-25,67900.0,68300.0,66500.0,66600.0,59701.13671875,32447065
2020-11-26,66100.0,68000.0,66000.0,68000.0,60956.10546875,19023323
2020-11-27,68000.0,68400.0,67600.0,68200.0,61135.390625,14063434
2020-11-30,68400.0,68600.0,66700.0,66700.0,59790.77734375,43811016
2020-12-01,67100.0,68300.0,67100.0,67800.0,60776.8359375,22327173
2020-12-02,68400.0,69900.0,68300.0,69500.0,62300.73828125,29703942
2020-12-03,70100.0,70500.0,69300.0,69700.0,62480.00390625,23677989
2020-12-04,70400.0,72100.0,70100.0,71500.0,64093.5546875,28130533
2020-12-07,72400.0,73500.0,71900.0,72900.0,65348.5390625,28490496
2020-12-08,72200.0,72900.0,71600.0,71700.0,64272.83984375,25000338
2020-12-09,72100.0,73900.0,72000.0,73900.0,66244.953125,24077996
2020-12-10,72700.0,73800.0,72500.0,72900.0,65348.5390625,39882928
2020-12-11,73500.0,73800.0,73100.0,73400.0,65796.7421875,18486672
2020-12-14,73600.0,74500.0,73200.0,73800.0,66155.296875,21510415
2020-12-15,73800.0,74100.0,73300.0,73800.0,66155.296875,20863671
2020-12-16,74100.0,74500.0,73400.0,73800.0,66155.296875,17512081
2020-12-17,73400.0,73700.0,72600.0,73300.0,65707.0859375,24293214
2020-12-18,73300.0,73700.0,73000.0,73000.0,65438.16796875,17613029
2020-12-21,73100.0,73400.0,72000.0,73000.0,65438.16796875,20367355
2020-12-22,72500.0,73200.0,72100.0,72300.0,64810.68359375,16304910
2020-12-23,72400.0,74000.0,72300.0,73900.0,66244.953125,19411326
2020-12-24,74100.0,78800.0,74000.0,77800.0,69740.9609375,32502870
2020-12-28,79000.0,80100.0,78200.0,78700.0,70547.7265625,40085044
2020-12-29,78800.0,78900.0,77300.0,78300.0,71955.59375,30339449
2020-12-30,77400.0,81300.0,77300.0,81000.0,74436.828125,29417421
2021-01-04,81000.0,84400.0,80200.0,83000.0,76274.78125,38655276
2021-01-05,81600.0,83900.0,81600.0,83900.0,77101.8515625,35335669
2021-01-06,83300.0,84500.0,82100.0,82200.0,75539.59375,42089013
2021-01-07,82800.0,84200.0,82700.0,82900.0,76182.890625,32644642
2021-01-08,83300.0,90000.0,83000.0,88800.0,81604.828125,59013307
2021-01-11,90000.0,96800.0,89500.0,91000.0,83626.5703125,90306177
2021-01-12,90300.0,91400.0,87800.0,90600.0,83258.9765625,48682416
2021-01-13,89800.0,91200.0,89100.0,89700.0,82431.875,36068848
2021-01-14,88700.0,90000.0,88700.0,89700.0,82431.875,26393970
2021-01-15,89800.0,91800.0,88000.0,88000.0,80869.65625,33431809
2021-01-18,86600.0,87300.0,84100.0,85000.0,78112.7109375,43227951
2021-01-19,84500.0,88000.0,83600.0,87000.0,79950.6640625,39895044
2021-01-20,89000.0,89000.0,86500.0,87200.0,80134.4765625,25211127
2021-01-21,87500.0,88600.0,86500.0,88100.0,80961.5390625,25318011
2021-01-22,89000.0,89700.0,86800.0,86800.0,79766.8671875,30861661
2021-01-25,87000.0,89900.0,86300.0,89400.0,82156.2109375,27258534
2021-01-26,88800.0,89200.0,86500.0,86700.0,79674.984375,33178936
2021-01-27,86600.0,87700.0,85600.0,85600.0,78664.1015625,26423070
2021-01-28,83200.0,85600.0,83200.0,83700.0,76918.0703125,31859808
2021-01-29,84500.0,85000.0,82000.0,82000.0,75355.8046875,39615978
2021-02-01,81700.0,83400.0,81000.0,83000.0,76274.78125,28046832
2021-02-02,84100.0,86400.0,83700.0,84400.0,77561.3359375,26302077
2021-02-03,84800.0,85400.0,83400.0,84600.0,77745.140625,22112205
2021-02-04,83500.0,83800.0,82100.0,82500.0,75815.28125,24171688
2021-02-05,83100.0,84000.0,82500.0,83500.0,76734.265625,18036835
2021-02-08,83800.0,84200.0,83000.0,83000.0,76274.78125,15338765
2021-02-09,84000.0,84800.0,82700.0,82700.0,75999.0859375,20898332
2021-02-10,82600.0,82600.0,81600.0,81600.0,74988.21875,23025766
2021-02-15,83800.0,84500.0,83300.0,84200.0,77377.5390625,23529706
2021-02-16,84500.0,86000.0,84200.0,84900.0,78020.828125,20483100
2021-02-17,83900.0,84200.0,83000.0,83200.0,76458.578125,18307735
2021-02-18,83200.0,83600.0,82100.0,82100.0,75447.703125,21327683
2021-02-19,82300.0,82800.0,81000.0,82600.0,75907.1875,25880879
2021-02-22,83800.0,84200.0,82200.0,82200.0,75539.59375,25419886
2021-02-23,81200.0,82900.0,81100.0,82000.0,75355.8046875,20587314
2021-02-24,81800.0,83600.0,81300.0,82000.0,75355.8046875,26807651
2021-02-25,84000.0,85400.0,83000.0,85300.0,78388.40625,34155986
2021-02-26,82800.0,83400.0,82000.0,82500.0,75815.28125,38520800
2021-03-02,85100.0,85300.0,83000.0,83600.0,76826.171875,33498180
2021-03-03,83500.0,84000.0,82800.0,84000.0,77193.7578125,19882132
2021-03-04,82600.0,83200.0,82200.0,82400.0,75723.3984375,24348331
2021-03-05,81100.0,82600.0,81100.0,82100.0,75447.703125,20508971
2021-03-08,82900.0,83000.0,81600.0,82000.0,75355.8046875,17641256
2021-03-09,81400.0,81900.0,80600.0,81400.0,74804.421875,25420764
2021-03-10,82400.0,82500.0,80700.0,80900.0,74344.9375,20038422
2021-03-11,81000.0,82500.0,81000.0,82000.0,75355.8046875,23818297
2021-03-12,83100.0,83500.0,82400.0,82800.0,76090.96875,13530573
2021-03-15,82800.0,82900.0,81800.0,81800.0,75172.015625,13735798
2021-03-16,82200.0,83000.0,82100.0,82800.0,76090.96875,12293537
2021-03-17,82800.0,82900.0,82000.0,82300.0,75631.4921875,11625146
2021-03-18,82800.0,83800.0,82600.0,82900.0,76182.890625,18585244
2021-03-19,82100.0,82500.0,81800.0,81900.0,75263.90625,15869700
2021-03-22,82000.0,82300.0,81700.0,82000.0,75355.8046875,12670506
2021-03-23,82600.0,82900.0,81800.0,81800.0,75172.015625,13299907
2021-03-24,81000.0,81600.0,80700.0,81000.0,74436.828125,17926638
2021-03-25,81000.0,82100.0,80800.0,81200.0,74620.640625,14758826
2021-03-26,81400.0,81600.0,81000.0,81500.0,74896.3125,12845778
2021-03-29,81700.0,81700.0,81000.0,81600.0,74988.21875,14952134
2021-03-30,81600.0,82300.0,81300.0,82200.0,75875.2734375,13121698
2021-03-31,82400.0,82700.0,81400.0,81400.0,75136.8359375,17240518
2021-04-01,82500.0,83000.0,82000.0,82900.0,76521.4296875,18676461
2021-04-02,84000.0,85200.0,83900.0,84800.0,78275.21875,22997538
2021-04-05,85800.0,86000.0,84800.0,85400.0,78829.078125,16255990
2021-04-06,86200.0,86200.0,85100.0,86000.0,79382.90625,19042023
2021-04-07,86100.0,86200.0,85400.0,85600.0,79013.65625,17885538
2021-04-08,85700.0,85700.0,84100.0,84700.0,78182.9296875,19244259
2021-04-09,84700.0,84900.0,83400.0,83600.0,77167.546875,18193707
2021-04-12,84100.0,84100.0,83100.0,83200.0,76798.3359375,12915282
2021-04-13,83000.0,84500.0,82800.0,84000.0,77536.7890625,15238206
2021-04-14,84000.0,84300.0,83400.0,84000.0,77536.7890625,13794652
2021-04-15,83700.0,84500.0,83400.0,84100.0,77629.078125,16377412
2021-04-16,84700.0,84700.0,83600.0,83900.0,77444.4765625,15429522
2021-04-19,83800.0,84000.0,83300.0,83300.0,76890.6328125,15287311
2021-04-20,83300.0,84000.0,83100.0,83900.0,77444.4765625,15521965
2021-04-21,83300.0,83500.0,82500.0,82600.0,76244.5,21636079
2021-04-22,82900.0,83000.0,82400.0,82400.0,76059.890625,13934746
2021-04-23,81900.0,82900.0,81600.0,82800.0,76429.1015625,17805080
2021-04-26,82900.0,83500.0,82600.0,83500.0,77075.25,15489938
2021-04-27,83200.0,83300.0,82500.0,82900.0,76521.4296875,12941533
2021-04-28,83200.0,83200.0,82100.0,82100.0,75782.9765625,15596759
2021-04-29,82400.0,82500.0,81500.0,81700.0,75413.7421875,20000973
2021-04-30,81900.0,82100.0,81500.0,81500.0,75229.140625,18673197
2021-05-03,81000.0,82400.0,81000.0,81700.0,75413.7421875,15710336
2021-05-04,81900.0,82600.0,81800.0,82600.0,76244.5,12532550
2021-05-06,81700.0,82300.0,81700.0,82300.0,75967.5859375,17047511
2021-05-07,81800.0,82100.0,81500.0,81900.0,75598.3515625,14154882
2021-05-10,82300.0,83500.0,81800.0,83200.0,76798.3359375,19385027
2021-05-11,82500.0,82600.0,81100.0,81200.0,74952.2109375,28996680
2021-05-12,80800.0,81200.0,79800.0,80000.0,73844.546875,35812268
2021-05-13,78900.0,79600.0,78400.0,78500.0,72459.96875,31490096
2021-05-14,79000.0,80300.0,78900.0,80100.0,73936.859375,16450920
2021-05-17,80800.0,80900.0,79200.0,79600.0,73475.328125,17740855
2021-05-18,79600.0,80000.0,79100.0,79600.0,73475.328125,17494407
2021-05-20,79400.0,79700.0,79100.0,79500.0,73383.015625,16541828
2021-05-21,80100.0,81500.0,79800.0,80100.0,73936.859375,20961714
2021-05-24,80100.0,80400.0,79500.0,79700.0,73567.625,13398666
2021-05-25,80000.0,80400.0,79800.0,79900.0,73752.2421875,13628942
2021-05-26,80400.0,80500.0,79700.0,79800.0,73659.9453125,11984359
2021-05-27,80000.0,80000.0,79100.0,79600.0,73475.328125,23198510
2021-05-28,79800.0,80400.0,79400.0,80100.0,73936.859375,12360199
2021-05-31,80300.0,80600.0,79600.0,80500.0,74306.0625,13321324
2021-06-01,80500.0,81300.0,80100.0,80600.0,74398.3828125,14058401
2021-06-02,80400.0,81400.0,80300.0,80800.0,74583.0078125,16414644
2021-06-03,81300.0,83000.0,81100.0,82800.0,76429.1015625,29546007
2021-06-04,82700.0,82700.0,81500.0,82200.0,75875.2734375,18112259
2021-06-07,82700.0,82800.0,81600.0,81900.0,75598.3515625,16496197
2021-06-08,82300.0,82600.0,81800.0,81900.0,75598.3515625,12781226
2021-06-09,81500.0,82000.0,81100.0,81100.0,74859.90625,14908823
2021-06-10,81300.0,81400.0,80900.0,81000.0,74767.6015625,17586995
2021-06-11,81200.0,81700.0,80700.0,81000.0,74767.6015625,14087962
2021-06-14,80800.0,80900.0,80500.0,80500.0,74306.0625,10550078
2021-06-15,80900.0,81200.0,80600.0,80900.0,74675.3046875,10075685
2021-06-16,81500.0,81900.0,81100.0,81800.0,75506.046875,14999855
2021-06-17,81100.0,81300.0,80700.0,80900.0,74675.3046875,14007385
2021-06-18,81100.0,81100.0,80500.0,80500.0,74306.0625,14916721
2021-06-21,79700.0,80000.0,79600.0,79900.0,73752.2421875,16063340
2021-06-22,80200.0,80300.0,79900.0,80000.0,73844.546875,11773365
2021-06-23,80500.0,80600.0,79900.0,80100.0,73936.859375,13856548
2021-06-24,80400.0,81400.0,80100.0,81200.0,74952.2109375,18771080
2021-06-25,81500.0,81900.0,81200.0,81600.0,75321.4296875,13481405
2021-06-28,81700.0,82000.0,81600.0,81900.0,75598.3515625,11578529
2021-06-29,81900.0,82100.0,80800.0,81000.0,75098.625,15744317
2021-06-30,81100.0,81400.0,80700.0,80700.0,74820.4921875,13288643
2021-07-01,80500.0,80600.0,80000.0,80100.0,74264.203125,13382882
2021-07-02,80000.0,80400.0,79900.0,80000.0,74171.4765625,8753097
2021-07-05,80100.0,80800.0,80000.0,80400.0,74542.34375,8330969
2021-07-06,80600.0,81200.0,80500.0,81200.0,75284.0546875,12131651
2021-07-07,81200.0,81300.0,80300.0,80800.0,74913.2109375,15992202
2021-07-08,81100.0,81200.0,79900.0,79900.0,74078.765625,16660998
2021-07-09,79600.0,79800.0,79000.0,79400.0,73615.203125,22720577
2021-07-12,79900.0,80000.0,79500.0,79700.0,73893.34375,9768108
2021-07-13,80000.0,80200.0,79800.0,79800.0,73986.0703125,9863450
2021-07-14,79400.0,79600.0,79100.0,79500.0,73707.90625,11575636
2021-07-15,79800.0,80600.0,79500.0,80600.0,74727.765625,13766279
2021-07-16,80100.0,80100.0,79500.0,79800.0,73986.0703125,10859399
2021-07-19,79100.0,79200.0,78800.0,79000.0,73244.3359375,13155414
2021-07-20,78500.0,79000.0,78400.0,79000.0,73244.3359375,12456646
2021-07-21,79000.0,79100.0,78500.0,78500.0,72780.7734375,12355296
2021-07-22,79000.0,79800.0,78900.0,79700.0,73893.34375,12618790
2021-07-23,79700.0,79900.0,79200.0,79300.0,73522.4765625,9098910
2021-07-26,79400.0,79500.0,78800.0,78800.0,73058.9140625,10040975
2021-07-27,79200.0,79400.0,78500.0,78500.0,72780.7734375,11427693
2021-07-28,78300.0,79200.0,78100.0,79200.0,73429.765625,12743417
2021-07-29,78800.0,79400.0,78800.0,79000.0,73244.3359375,14360453
2021-07-30,78900.0,78900.0,78500.0,78500.0,72780.7734375,13823411
2021-08-02,79200.0,79500.0,78700.0,79300.0,73522.4765625,11739124
2021-08-03,79400.0,81400.0,79300.0,81400.0,75469.484375,24339360
2021-08-04,82200.0,83100.0,81800.0,82900.0,76860.203125,25642368
2021-08-05,83300.0,83300.0,82000.0,82100.0,76118.484375,18485469
2021-08-06,81900.0,82500.0,81300.0,81500.0,75562.203125,13342623
2021-08-09,81500.0,82300.0,80900.0,81500.0,75562.203125,15522581
2021-08-10,82300.0,82400.0,80100.0,80200.0,74356.921875,20362639
2021-08-11,79600.0,79800.0,78500.0,78500.0,72780.7734375,30241137
2021-08-12,77100.0,78200.0,76900.0,77000.0,71390.0390625,42365223
2021-08-13,75800.0,76000.0,74100.0,74400.0,68979.46875,61270643
2021-08-17,74000.0,75100.0,74000.0,74200.0,68794.0390625,30944847
2021-08-18,73900.0,74600.0,73100.0,73900.0,68515.90625,29192631
2021-08-19,73500.0,74400.0,73100.0,73100.0,67774.1875,22166298
2021-08-20,73500.0,73900.0,72500.0,72700.0,67403.3359375,22364803
2021-08-23,73300.0,74000.0,73000.0,73300.0,67959.6171875,19384648
2021-08-24,73900.0,75700.0,73900.0,75600.0,70092.0546875,21016913
2021-08-25,76200.0,76600.0,74900.0,75700.0,70184.7734375,22319664
2021-08-26,76100.0,76200.0,74600.0,74600.0,69164.90625,16671494
2021-08-27,74300.0,75000.0,73800.0,74300.0,68886.765625,15172748
2021-08-30,75400.0,75500.0,74200.0,74600.0,69164.90625,12686999
2021-08-31,74900.0,76700.0,74300.0,76700.0,71111.890625,24630370
2021-09-01,76700.0,77100.0,75900.0,76800.0,71204.625,16114775
2021-09-02,76800.0,76800.0,75700.0,76000.0,70462.90625,15347486
2021-09-03,76400.0,76700.0,76000.0,76600.0,71019.203125,12096419
2021-09-06,76800.0,77600.0,76600.0,77300.0,71668.2109375,12861180
2021-09-07,77100.0,77100.0,75900.0,76100.0,70555.6171875,13239401
2021-09-08,76000.0,76400.0,75600.0,76300.0,70741.0546875,11798147
2021-09-09,76400.0,76600.0,75000.0,75300.0,69813.90625,17600770
2021-09-10,75300.0,75600.0,74800.0,75300.0,69813.90625,10103212
2021-09-13,75200.0,76300.0,75100.0,76300.0,70741.0546875,11397775
2021-09-14,77100.0,77700.0,76600.0,76600.0,71019.203125,18167057
2021-09-15,77400.0,77400.0,76400.0,77000.0,71390.0390625,12829128
2021-09-16,77300.0,77400.0,76100.0,76100.0,70555.6171875,13067622
2021-09-17,76300.0,77200.0,75900.0,77200.0,71575.4921875,16289502
2021-09-23,77500.0,77600.0,76800.0,77400.0,71760.90625,17055590
2021-09-24,77600.0,77700.0,77100.0,77300.0,71668.2109375,12247274
2021-09-27,77300.0,77700.0,77000.0,77700.0,72039.0546875,11699798
2021-09-28,77700.0,77800.0,76200.0,76300.0,70741.0546875,15406382
2021-09-29,74800.0,75300.0,73800.0,74100.0,69027.9296875,23992458
2021-09-30,74300.0,74800.0,73700.0,74100.0,69027.9296875,19919361
2021-10-01,73900.0,74000.0,72900.0,73200.0,68189.5390625,15803395
2021-10-05,73000.0,73000.0,71400.0,72200.0,67257.984375,24013921
2021-10-06,72600.0,72800.0,71200.0,71300.0,66419.5859375,18956962
2021-10-07,71600.0,72100.0,71300.0,71600.0,66699.03125,13683532
2021-10-08,72300.0,72400.0,71500.0,71500.0,66605.8984375,14043287
2021-10-12,70700.0,70900.0,68700.0,69000.0,64277.015625,31001484
2021-10-13,68700.0,69600.0,68300.0,68800.0,64090.7109375,24172015
2021-10-14,69000.0,69800.0,68800.0,69400.0,64649.65625,19520641
2021-10-15,70200.0,71000.0,70000.0,70100.0,65301.73046875,18051612
2021-10-18,70200.0,70300.0,69200.0,70200.0,65394.890625,13486391
2021-10-19,70800.0,71000.0,70400.0,70600.0,65767.5,9507991
2021-10-20,70700.0,71000.0,70200.0,70300.0,65488.03515625,10151638
2021-10-21,70300.0,70600.0,70000.0,70200.0,65394.890625,10891094
2021-10-22,70000.0,70700.0,70000.0,70400.0,65581.1875,8395448
2021-10-25,69900.0,70600.0,69500.0,70200.0,65394.890625,10029621
2021-10-26,70600.0,71500.0,70400.0,71100.0,66233.28125,10528252
2021-10-27,71000.0,71000.0,70000.0,70100.0,65301.73046875,10295316
2021-10-28,69500.0,72200.0,69500.0,70700.0,65860.6640625,20644902
2021-10-29,71200.0,71600.0,69700.0,69800.0,65022.265625,17016151
2021-11-01,70200.0,70600.0,69900.0,69900.0,65115.41796875,11503729
2021-11-02,70800.0,72200.0,70700.0,71500.0,66605.8984375,16812570
2021-11-03,71700.0,71700.0,70100.0,70400.0,65581.1875,12770428
2021-11-04,71200.0,71600.0,70500.0,70600.0,65767.5,11818987
2021-11-05,71600.0,71600.0,70200.0,70200.0,65394.890625,12667743
2021-11-08,70400.0,70600.0,69800.0,70600.0,65767.5,11121981
2021-11-09,70300.0,71000.0,70100.0,70500.0,65674.34375,11159589
2021-11-10,70300.0,70900.0,70200.0,70200.0,65394.890625,9422009
2021-11-11,69900.0,70000.0,69600.0,69900.0,65115.41796875,11489122
2021-11-12,70200.0,70900.0,69900.0,70600.0,65767.5,10087450
2021-11-15,71700.0,71900.0,70900.0,71400.0,66512.734375,12420710
2021-11-16,71500.0,72000.0,71300.0,71300.0,66419.5859375,10919239
2021-11-17,71300.0,71600.0,70600.0,70700.0,65860.6640625,11027606
2021-11-18,70700.0,71000.0,70200.0,70200.0,65394.890625,10144957
2021-11-19,70400.0,71400.0,70100.0,71200.0,66326.4296875,11954728
2021-11-22,73300.0,75200.0,73000.0,74900.0,69773.15625,27506623
2021-11-23,76000.0,76000.0,74500.0,75300.0,70145.796875,22029195
2021-11-24,76000.0,76200.0,74100.0,74800.0,69680.015625,15652305
2021-11-25,75100.0,75100.0,73600.0,73700.0,68655.3046875,12559258
2021-11-26,73500.0,74100.0,72000.0,72300.0,67351.140625,13002242
2021-11-29,71700.0,73000.0,71400.0,72300.0,67351.140625,16682559
2021-11-30,73200.0,73900.0,70500.0,71300.0,66419.5859375,30364841
2021-12-01,72000.0,74800.0,71600.0,74400.0,69307.3828125,21954856
2021-12-02,73900.0,75800.0,73800.0,75800.0,70611.5703125,23652940
2021-12-03,75600.0,76000.0,74100.0,75600.0,70425.2578125,18330240
2021-12-06,75100.0,76700.0,74900.0,76300.0,71077.34375,16391250
2021-12-07,76100.0,77700.0,75600.0,77400.0,72102.046875,19232453
2021-12-08,78300.0,78600.0,77100.0,77400.0,72102.046875,21558340
2021-12-09,77400.0,78200.0,77000.0,78200.0,72847.2890625,21604528
2021-12-10,77400.0,77600.0,76800.0,76900.0,71636.2734375,9155219
2021-12-13,77200.0,78300.0,76500.0,76800.0,71543.1328125,15038750
2021-12-14,76500.0,77200.0,76200.0,77000.0,71729.4375,10976660
2021-12-15,76400.0,77600.0,76300.0,77600.0,72288.3515625,9584939
2021-12-16,78500.0,78500.0,77400.0,77800.0,72474.671875,11996128
2021-12-17,76800.0,78000.0,76800.0,78000.0,72660.984375,13108479
2021-12-20,77600.0,77800.0,76800.0,77100.0,71822.5859375,11264375
2021-12-21,77900.0,78300.0,77500.0,78100.0,72754.140625,14245298
2021-12-22,78900.0,79400.0,78800.0,79400.0,73965.1484375,17105892
2021-12-23,79800.0,80000.0,79300.0,79900.0,74430.921875,13577498
2021-12-24,80200.0,80800.0,80200.0,80500.0,74989.8515625,12086380
2021-12-27,80600.0,80600.0,79800.0,80200.0,74710.3984375,10783368
2021-12-28,80200.0,80400.0,79700.0,80300.0,74803.5546875,18226325
2021-12-29,80200.0,80200.0,78500.0,78800.0,73737.71875,19794795
2021-12-30,78900.0,79500.0,78100.0,78300.0,73269.8515625,14236700
2022-01-04,78800.0,79200.0,78300.0,78700.0,73644.140625,12427416
2022-01-05,78800.0,79000.0,76400.0,77400.0,72427.6484375,25470640
2022-01-06,76700.0,77600.0,76600.0,76900.0,71959.78125,12931954
2022-01-07,78100.0,78400.0,77400.0,78300.0,73269.8515625,15163757
2022-01-10,78100.0,78100.0,77100.0,78000.0,72989.1171875,9947422
2022-01-11,78400.0,79000.0,78000.0,78900.0,73831.2890625,13221123
2022-01-12,79500.0,79600.0,78600.0,78900.0,73831.2890625,11000502
2022-01-13,79300.0,79300.0,77900.0,77900.0,72895.546875,13889401
2022-01-14,77700.0,78100.0,77100.0,77300.0,72334.0859375,10096725
2022-01-17,77600.0,77800.0,76900.0,77500.0,72521.234375,8785122
2022-01-18,77600.0,77800.0,76600.0,77000.0,72053.3515625,9592788
2022-01-19,76500.0,76900.0,76100.0,76300.0,71398.3203125,10598290
2022-01-20,76200.0,76700.0,75900.0,76500.0,71585.484375,9708168
2022-01-21,75800.0,75800.0,74700.0,75600.0,70743.296875,15774888
2022-01-24,75400.0,75800.0,74700.0,75100.0,70275.40625,13691134
2022-01-25,74800.0,75000.0,73200.0,74000.0,69246.078125,17766704
2022-01-26,74000.0,74000.0,74000.0,74000.0,69246.078125,0
2022-01-27,73800.0,74000.0,71300.0,71300.0,66719.5390625,22274777
2022-01-28,71300.0,73700.0,71200.0,73300.0,68591.0390625,21367447
2022-02-03,74900.0,74900.0,73300.0,73300.0,68591.0390625,17744721
2022-02-04,74300.0,74600.0,73400.0,74000.0,69246.078125,12730034
2022-02-07,73500.0,73600.0,72400.0,73000.0,68310.3203125,14240838
2022-02-08,73000.0,73000.0,73000.0,73000.0,68310.3203125,0
2022-02-09,73000.0,73000.0,73000.0,73000.0,68310.3203125,0
2022-02-10,75600.0,75800.0,74700.0,75400.0,70556.140625,17746033
2022-02-11,75000.0,75500.0,74600.0,74900.0,70088.25,12205407
2022-02-14,74400.0,74500.0,73100.0,73700.0,68965.3515625,13993255
2022-02-15,74100.0,74200.0,73100.0,73700.0,68965.3515625,9320365
2022-02-16,74600.0,74900.0,74200.0,74800.0,69994.6796875,10767386
2022-02-17,75000.0,75600.0,74500.0,75000.0,70181.828125,13605382
2022-02-18,74600.0,74800.0,73700.0,74300.0,69526.796875,10122226
2022-02-21,74300.0,74300.0,74300.0,74300.0,69526.796875,0
2022-02-22,74300.0,74300.0,74300.0,74300.0,69526.796875,0
2022-02-23,74300.0,74300.0,74300.0,74300.0,69526.796875,0
2022-02-24,72300.0,72300.0,71300.0,71500.0,66906.6796875,15759283
2022-02-25,72100.0,72600.0,71900.0,71900.0,67281.0,13168484
2022-02-28,71900.0,71900.0,71900.0,71900.0,67281.0,0
2022-03-02,72300.0,72400.0,71500.0,71700.0,67093.8359375,12481430
2022-03-03,72300.0,73100.0,72200.0,72900.0,68216.7421875,13232638
2022-03-04,72900.0,72900.0,72900.0,72900.0,68216.7421875,0
2022-03-07,70000.0,70600.0,69900.0,70100.0,65596.625,18617138
2022-03-08,68800.0,70000.0,68700.0,69500.0,65035.1796875,15828269
2022-03-10,69500.0,69500.0,69500.0,69500.0,65035.1796875,0
2022-03-11,70500.0,70700.0,69700.0,70000.0,65503.05078125,15787655
2022-03-14,70000.0,70200.0,69600.0,70200.0,65690.2109375,9040993
2022-03-15,70200.0,70200.0,70200.0,70200.0,65690.2109375,0
2022-03-16,70200.0,70500.0,69700.0,70400.0,65877.3359375,10175750
2022-03-17,70400.0,70400.0,70400.0,70400.0,65877.3359375,0
2022-03-18,70600.0,70900.0,70200.0,70700.0,66158.0703125,14410038
2022-03-21,70900.0,71000.0,69900.0,69900.0,65409.47265625,11169002
2022-03-22,69900.0,70500.0,69900.0,70300.0,65783.765625,9402666
2022-03-23,70600.0,71200.0,70300.0,70500.0,65970.9296875,12398025
2022-03-24,69600.0,70300.0,69600.0,69800.0,65315.88671875,37943357
2022-03-25,70100.0,70200.0,69600.0,69800.0,65315.88671875,12986010
2022-03-28,69500.0,69900.0,69200.0,69700.0,65222.3203125,12619289
2022-03-29,70000.0,70300.0,69800.0,70200.0,65690.2109375,13686208
2022-03-30,70300.0,70500.0,69800.0,69900.0,65747.5859375,12670187
2022-03-31,69900.0,70200.0,69600.0,69600.0,65465.40234375,12510366
2022-04-01,69500.0,69500.0,69000.0,69100.0,64995.1015625,15916846
2022-04-04,68900.0,69300.0,68600.0,69300.0,65183.21484375,11107905
2022-04-05,69400.0,69600.0,69100.0,69200.0,65089.16015625,8467248
2022-04-06,68600.0,68800.0,68500.0,68500.0,64430.73828125,15517308
2022-04-07,68500.0,68500.0,68000.0,68000.0,63960.453125,20683327
2022-04-08,68100.0,68300.0,67700.0,67800.0,63772.3359375,15453191
2022-04-11,67800.0,68100.0,67400.0,67900.0,63866.39453125,12263735
2022-04-12,67600.0,67700.0,67000.0,67000.0,63019.8515625,13924389
2022-04-13,67300.0,69000.0,67200.0,68700.0,64618.8515625,17378619
2022-04-14,68700.0,68700.0,67500.0,67500.0,63490.15234375,16409494
2022-04-15,67200.0,67300.0,66500.0,66600.0,62643.609375,13176415
2022-04-18,66500.0,67100.0,66100.0,66700.0,62737.66796875,10119203
2022-04-19,67100.0,68000.0,67000.0,67300.0,63302.03125,12959434
2022-04-20,67000.0,67400.0,66500.0,67400.0,63396.0859375,16693293
2022-04-21,67600.0,68300.0,67500.0,67700.0,63678.26953125,12847448
2022-04-22,67200.0,67300.0,66700.0,67000.0,63019.8515625,11791478
2022-04-25,66500.0,66700.0,66300.0,66300.0,62361.4296875,11016474
2022-04-26,66400.0,66700.0,66100.0,66100.0,62173.30859375,12946923
2022-04-27,65400.0,65500.0,64900.0,65000.0,61138.6640625,18122084
2022-04-28,65400.0,65500.0,64500.0,64800.0,60950.5390625,16895527
2022-04-29,65100.0,67600.0,65000.0,67400.0,63396.0859375,26190390
2022-05-02,66600.0,67600.0,66500.0,67300.0,63302.03125,14106184
2022-05-03,67400.0,68400.0,67300.0,67500.0,63490.15234375,14168875
2022-05-04,68000.0,68400.0,67500.0,67900.0,63866.39453125,11505248
2022-05-06,67000.0,67100.0,66500.0,66500.0,62549.54296875,14356156
2022-05-10,65900.0,66300.0,65300.0,65700.0,61797.078125,17235605
2022-05-11,65500.0,66300.0,65200.0,65700.0,61797.078125,12330920
2022-05-12,65200.0,65500.0,64900.0,64900.0,61044.59765625,16414188
2022-05-13,65300.0,66700.0,65200.0,66500.0,62549.54296875,14551536
2022-05-16,67100.0,67400.0,66100.0,66300.0,62361.4296875,11937555
2022-05-17,66600.0,67900.0,66600.0,67600.0,63584.1953125,15680447
2022-05-18,68300.0,68700.0,67600.0,68100.0,64054.50390625,16486319
2022-05-19,66500.0,67600.0,66500.0,67500.0,63490.15234375,17073727
2022-05-20,67800.0,68400.0,67700.0,68000.0,63960.453125,12109671
2022-05-23,68800.0,68800.0,67600.0,67900.0,63866.39453125,13684088
2022-05-24,67500.0,67700.0,66500.0,66500.0,62549.54296875,15482576
2022-05-25,66700.0,67100.0,65900.0,66400.0,62455.4921875,15150490
2022-05-26,66300.0,67200.0,65500.0,65900.0,61985.203125,15970890
2022-05-27,66700.0,66900.0,66200.0,66500.0,62549.54296875,11405555
2022-05-30,67500.0,67800.0,66900.0,67700.0,63678.26953125,14255484
2022-05-31,67500.0,67500.0,66700.0,67400.0,63396.0859375,24365002
2022-06-02,66600.0,67000.0,66400.0,66700.0,62737.66796875,14959443
2022-06-03,67200.0,67300.0,66800.0,66800.0,62831.73828125,8222883
2022-06-07,66200.0,66400.0,65400.0,65500.0,61608.95703125,19355755
2022-06-08,65400.0,65700.0,65300.0,65300.0,61420.83203125,12483180
2022-06-09,65100.0,65200.0,64500.0,65200.0,61326.7734375,25790725
2022-06-10,64000.0,64400.0,63800.0,63800.0,60009.94140625,22193552
2022-06-13,62400.0,62800.0,62100.0,62100.0,58410.9375,22157816
2022-06-14,61200.0,62200.0,61100.0,61900.0,58222.81640625,24606419
2022-06-15,61300.0,61500.0,60200.0,60700.0,57094.1015625,26811224
2022-06-16,61300.0,61800.0,60500.0,60900.0,57282.22265625,23394895
2022-06-17,59400.0,59900.0,59400.0,59800.0,56247.5703125,29053450
2022-06-20,59800.0,59900.0,58100.0,58700.0,55212.9140625,34111306
2022-06-21,58700.0,59200.0,58200.0,58500.0,55024.79296875,25148109
2022-06-22,59000.0,59100.0,57600.0,57600.0,54178.2578125,23334687
2022-06-23,57700.0,58000.0,56800.0,57400.0,53990.140625,28338608
2022-06-24,57900.0,59100.0,57700.0,58400.0,54930.734375,23256103
2022-06-27,59000.0,59900.0,58300.0,58800.0,55306.9765625,18122236
2022-06-28,59200.0,59500.0,58700.0,59400.0,55871.328125,13540538
2022-06-29,58500.0,58800.0,58000.0,58000.0,54888.07421875,14677138
2022-06-30,57200.0,57600.0,57000.0,57000.0,53941.734375,18915142
2022-07-01,56900.0,57500.0,55900.0,56200.0,53184.65625,24982097
2022-07-04,56100.0,57400.0,55700.0,57100.0,54036.36328125,17807126
2022-07-05,57600.0,58200.0,57200.0,57200.0,54131.0,14216539
2022-07-06,57300.0,57300.0,56400.0,56400.0,53373.92578125,16820461
2022-07-07,56400.0,58700.0,56300.0,58200.0,55077.3515625,21322833
2022-07-08,58600.0,59300.0,58200.0,58700.0,55550.5234375,15339271
2022-07-11,59300.0,59600.0,58700.0,58800.0,55645.15625,13042624
2022-07-12,58600.0,58700.0,58100.0,58100.0,54982.71875,9336061
2022-07-13,58300.0,58600.0,58000.0,58000.0,54888.07421875,10841315
2022-07-14,57500.0,58200.0,57400.0,57500.0,54414.8984375,15067012
2022-07-15,58400.0,60000.0,58100.0,60000.0,56780.7734375,18685583
2022-07-18,60600.0,62000.0,60500.0,61900.0,58578.828125,20832517
2022-07-19,61400.0,61500.0,60200.0,60900.0,57632.484375,15248261
2022-07-20,61800.0,62100.0,60500.0,60500.0,57253.94140625,16782238
2022-07-21,61100.0,61900.0,60700.0,61800.0,58484.1953125,12291374
2022-07-22,61800.0,62200.0,61200.0,61300.0,58011.0234375,10261310
2022-07-25,60900.0,61900.0,60800.0,61100.0,57821.75,9193681
2022-07-26,60800.0,61900.0,60800.0,61700.0,58389.55859375,6597211
2022-07-27,61300.0,61900.0,61200.0,61800.0,58484.1953125,7320997
2022-07-28,62300.0,62600.0,61600.0,61900.0,58578.828125,10745302
2022-07-29,62400.0,62600.0,61300.0,61400.0,58105.66015625,15093120
2022-08-01,61000.0,61700.0,60300.0,61300.0,58011.0234375,13154816
2022-08-02,61200.0,61900.0,61000.0,61700.0,58389.55859375,13614895
2022-08-03,61600.0,61600.0,61000.0,61300.0,58011.0234375,10053861
2022-08-04,61700.0,61800.0,61200.0,61500.0,58200.29296875,9125439
2022-08-05,61700.0,61900.0,61200.0,61500.0,58200.29296875,9567620
2022-08-08,61400.0,61400.0,60600.0,60800.0,57537.84765625,11313150
2022-08-09,60600.0,60700.0,59600.0,60000.0,56780.7734375,18251170
2022-08-10,58900.0,59200.0,58600.0,59100.0,55929.0625,18084349
2022-08-11,59600.0,60000.0,59300.0,59900.0,56686.13671875,15141941
2022-08-12,59500.0,60700.0,59400.0,60200.0,56970.04296875,10786658
2022-08-16,60500.0,61600.0,60300.0,61000.0,57727.12109375,15036727
2022-08-17,61100.0,61200.0,60300.0,60400.0,57159.3125,9061518
2022-08-18,60300.0,61900.0,60000.0,61500.0,58200.29296875,16372754
2022-08-19,61400.0,61600.0,60600.0,60900.0,57632.484375,6923679
2022-08-22,60300.0,60400.0,59800.0,60000.0,56780.7734375,8259865
2022-08-23,59000.0,59600.0,59000.0,59100.0,55929.0625,9041629
2022-08-24,59200.0,59500.0,59000.0,59000.0,55834.41796875,8888486
2022-08-25,59200.0,59700.0,59000.0,59700.0,56496.8671875,5767902
2022-08-26,60300.0,60900.0,59900.0,60000.0,56780.7734375,9499995
2022-08-29,58700.0,58900.0,58600.0,58600.0,55455.88671875,9841329
2022-08-30,58700.0,59000.0,58300.0,58800.0,55645.15625,9690044
2022-08-31,58200.0,59900.0,58200.0,59700.0,56496.8671875,14203512
2022-09-01,58700.0,58900.0,58300.0,58400.0,55266.61328125,14905777
2022-09-02,58300.0,58600.0,57500.0,57500.0,54414.8984375,15040310
2022-09-05,57400.0,57800.0,56800.0,57100.0,54036.36328125,11425977
2022-09-06,57200.0,57600.0,56900.0,57100.0,54036.36328125,7503086
2022-09-07,56700.0,56700.0,55900.0,56000.0,52995.390625,17384854
2022-09-08,56200.0,56400.0,55600.0,55600.0,52616.84765625,18000016
2022-09-13,57000.0,58500.0,56800.0,58100.0,54982.71875,17166581
2022-09-14,56200.0,57200.0,56100.0,56800.0,53752.45703125,12524961
2022-09-15,57000.0,57100.0,56000.0,56000.0,52995.390625,11664819
2022-09-16,55600.0,56400.0,55500.0,56200.0,53184.65625,13456503
2022-09-19,56300.0,57000.0,56000.0,56400.0,53373.92578125,12278653
2022-09-20,56400.0,57000.0,55800.0,55800.0,52806.109375,14041465
2022-09-21,55400.0,55500.0,55000.0,55300.0,52332.94140625,11863700
2022-09-22,54600.0,54700.0,54300.0,54400.0,51481.23046875,12786510
2022-09-23,54400.0,54900.0,54200.0,54500.0,51575.86328125,10555964
2022-09-26,53700.0,54200.0,53600.0,53900.0,51008.05859375,15008449
2022-09-27,53800.0,54200.0,53500.0,54200.0,51291.95703125,16631289
2022-09-28,53900.0,54400.0,52500.0,52900.0,50061.71484375,19991129
2022-09-29,53300.0,53700.0,52600.0,52600.0,50119.8359375,13882080
2022-09-30,52300.0,53600.0,51800.0,53100.0,50596.265625,22503249
2022-10-04,55300.0,55400.0,54500.0,55200.0,52597.2421875,19148435
2022-10-05,56900.0,57200.0,55400.0,56000.0,53359.5234375,22458970
2022-10-06,56700.0,57300.0,56300.0,56300.0,53645.375,14944446
2022-10-07,55900.0,56900.0,55200.0,56200.0,53550.08984375,16886813
2022-10-11,54400.0,55700.0,54000.0,55400.0,52787.8125,21437877
2022-10-12,55700.0,57000.0,55200.0,55800.0,53168.953125,18408910
2022-10-13,55400.0,56100.0,55200.0,55200.0,52597.2421875,13784602
2022-10-14,56200.0,56500.0,55800.0,56300.0,53645.375,12924326
2022-10-17,55800.0,57000.0,55700.0,56600.0,53931.234375,13641878
2022-10-18,56700.0,57100.0,55800.0,56500.0,53835.9453125,14820702
2022-10-19,56700.0,56900.0,55700.0,55800.0,53168.953125,12660652
2022-10-20,55200.0,56000.0,55100.0,55500.0,52883.09765625,17107653
2022-10-21,55100.0,56300.0,55100.0,55900.0,53264.234375,11456060
2022-10-24,57000.0,57500.0,56700.0,57500.0,54788.79296875,16944503
2022-10-25,57000.0,58600.0,57000.0,57700.0,54979.36328125,17405678
2022-10-26,58000.0,59600.0,57700.0,59400.0,56599.203125,20824967
2022-10-27,59700.0,60100.0,58900.0,59500.0,56694.4921875,21756712
2022-10-28,58900.0,59200.0,57200.0,57300.0,54598.22265625,20924937
2022-10-31,58100.0,59900.0,58000.0,59400.0,56599.203125,18999514
2022-11-01,59900.0,60300.0,59500.0,60000.0,57170.9140625,17201647
2022-11-02,59700.0,60000.0,59300.0,59600.0,56789.77734375,13202919
2022-11-03,58600.0,59800.0,58100.0,59200.0,56408.640625,17492162
2022-11-04,59100.0,59500.0,58400.0,59400.0,56599.203125,12445841
2022-11-07,59700.0,60300.0,59400.0,60200.0,57361.484375,12437246
2022-11-08,60500.0,61900.0,60500.0,61800.0,58886.04296875,18273898
2022-11-09,62000.0,62200.0,61300.0,62000.0,59076.609375,14045592
2022-11-10,61400.0,61500.0,60400.0,60400.0,57552.0546875,21087633
2022-11-11,63100.0,63200.0,62300.0,62900.0,59934.18359375,20037163
2022-11-14,62900.0,62900.0,61700.0,61900.0,58981.33203125,15973416
2022-11-15,62200.0,62500.0,61600.0,62400.0,59457.75,12310986
2022-11-16,62400.0,62700.0,61700.0,62700.0,59743.6015625,12909260
2022-11-17,62000.0,62000.0,61300.0,61400.0,58504.90234375,13298296
2022-11-18,61800.0,62400.0,61400.0,61800.0,58886.04296875,12236503
2022-11-21,61400.0,61800.0,60800.0,61400.0,58504.90234375,9378097
2022-11-22,60900.0,61200.0,60300.0,60600.0,57742.62109375,9411289
2022-11-23,61200.0,61300.0,60700.0,61000.0,58123.76171875,8765050
2022-11-24,61200.0,61700.0,60900.0,61400.0,58504.90234375,8125010
2022-11-25,61400.0,61700.0,60800.0,61000.0,58123.76171875,6677933
2022-11-28,60500.0,60500.0,59800.0,60100.0,57266.1953125,8589032
2022-11-29,59900.0,60600.0,59800.0,60600.0,57742.62109375,7014160
2022-11-30,60400.0,62200.0,60200.0,62200.0,59267.1796875,19768903
2022-12-01,63100.0,63200.0,62300.0,62600.0,59648.31640625,16631445
2022-12-02,62500.0,62500.0,60400.0,60400.0,57552.0546875,15331184
2022-12-05,60900.0,61100.0,60000.0,60300.0,57456.7734375,13767787
2022-12-06,59800.0,60100.0,59200.0,59200.0,56408.640625,13888300
2022-12-07,58800.0,59600.0,58500.0,58900.0,56122.77734375,12100662
2022-12-08,58700.0,59200.0,58600.0,59200.0,56408.640625,12986815
2022-12-09,59300.0,60600.0,59300.0,60400.0,57552.0546875,10529632
2022-12-12,59900.0,60000.0,59400.0,59500.0,56694.4921875,9036472
2022-12-13,59600.0,60300.0,59400.0,59700.0,56885.0625,9040873
2022-12-14,59800.0,60600.0,59800.0,60500.0,57647.33984375,8207485
2022-12-15,59800.0,60200.0,59300.0,59300.0,56503.921875,8716039
2022-12-16,58300.0,59500.0,58300.0,59500.0,56694.4921875,13033596
2022-12-19,59500.0,59900.0,59100.0,59500.0,56694.4921875,7696187
2022-12-20,59000.0,59100.0,58500.0,58600.0,55836.9296875,9284761
2022-12-21,58700.0,59100.0,58000.0,58000.0,55265.21484375,10356971
2022-12-22,58100.0,59100.0,58100.0,59100.0,56313.35546875,10720630
2022-12-23,58200.0,58400.0,57700.0,58100.0,55360.5078125,9829407
2022-12-26,58000.0,58100.0,57700.0,57900.0,55169.9375,6756411
2022-12-27,58000.0,58400.0,57900.0,58100.0,55360.5078125,10667027
2022-12-28,57600.0,57600.0,56400.0,56600.0,54268.42578125,14665410
2022-12-29,56000.0,56200.0,55300.0,55300.0,53021.9765625,11295935
2023-01-02,55500.0,56100.0,55200.0,55500.0,53213.73828125,10031448
2023-01-03,55400.0,56000.0,54500.0,55400.0,53117.85546875,13547030
2023-01-04,55700.0,58000.0,55600.0,57800.0,55418.98828125,20188071
2023-01-05,58200.0,58800.0,57600.0,58200.0,55802.51171875,15682826
2023-01-06,58300.0,59400.0,57900.0,59000.0,56569.55859375,17334989
2023-01-09,59700.0,60700.0,59600.0,60700.0,58199.53125,18640107
2023-01-10,60200.0,61100.0,59900.0,60400.0,57911.88671875,14859797
2023-01-11,61000.0,61200.0,60300.0,60500.0,58007.765625,12310751
2023-01-12,61100.0,61200.0,59900.0,60500.0,58007.765625,16102561
2023-01-13,60500.0,61200.0,60400.0,60800.0,58295.41015625,12510328
2023-01-16,61300.0,61600.0,60800.0,61100.0,58583.05078125,10039972
2023-01-17,61200.0,61500.0,60600.0,61000.0,58487.16796875,9831456
2023-01-18,60700.0,61000.0,59900.0,60400.0,57911.88671875,11584041
2023-01-19,60500.0,61500.0,60400.0,61500.0,58966.57421875,12808490
2023-01-20,62100.0,62300.0,61100.0,61800.0,59254.21484375,9646327
2023-01-25,63500.0,63700.0,63000.0,63300.0,60692.42578125,39217
2023-01-26,63800.0,63900.0,63300.0,63800.0,61171.82421875,54188
2023-01-27,64400.0,65000.0,63900.0,64600.0,61938.875,44282
2023-01-30,64900.0,64900.0,63100.0,63300.0,60692.42578125,59628
2023-01-31,63500.0,63700.0,61000.0,61400.0,58870.69140625,163847
2023-02-01,62600.0,62700.0,61000.0,61000.0,58487.16796875,98585
2023-02-02,63200.0,63900.0,62600.0,63500.0,60884.18359375,65992
2023-02-03,63900.0,64000.0,63000.0,63500.0,60884.18359375,47567
2023-02-06,62800.0,63000.0,61600.0,61600.0,59062.44921875,144104
2023-02-07,61900.0,62500.0,61600.0,62000.0,59445.97265625,32873
2023-02-08,62800.0,63300.0,62400.0,63100.0,60500.66015625,42558
2023-02-09,63000.0,63300.0,62300.0,63300.0,60692.42578125,48035
2023-02-10,62600.0,63000.0,62400.0,62900.0,60308.91015625,44786
2023-02-13,62900.0,63000.0,62300.0,62900.0,60308.91015625,59395
2023-02-14,63600.0,63900.0,63200.0,63200.0,60596.54296875,70606
2023-02-15,63900.0,63900.0,62000.0,62200.0,59637.734375,58370
2023-02-16,62500.0,63700.0,62400.0,63700.0,61075.94140625,41448
2023-02-17,62900.0,63300.0,62400.0,62600.0,60021.25390625,28613
2023-02-20,62900.0,63000.0,61800.0,62700.0,60117.13671875,29846
2023-02-21,62700.0,62800.0,62000.0,62100.0,59541.85546875,60971
2023-02-22,61500.0,61800.0,61000.0,61100.0,58583.05078125,39178
2023-02-23,61700.0,62500.0,61500.0,62000.0,59445.97265625,37145
2023-02-24,62300.0,62600.0,61300.0,61300.0,58774.81640625,50792
2023-02-27,60800.0,60800.0,60200.0,60500.0,58007.765625,11155697
2023-02-28,60800.0,61400.0,60500.0,60600.0,58103.64453125,13715861
2023-03-02,60900.0,61800.0,60500.0,60800.0,58295.41015625,13095682
2023-03-03,61000.0,61200.0,60500.0,60500.0,58007.765625,10711405
2023-03-06,61100.0,61600.0,60800.0,61500.0,58966.57421875,13630602
2023-03-07,61400.0,61400.0,60700.0,60700.0,58199.53125,11473280
2023-03-08,60100.0,60500.0,59900.0,60300.0,57816.0078125,14161857
2023-03-09,60500.0,60800.0,59900.0,60100.0,57624.23828125,14334499
2023-03-10,59500.0,59700.0,59100.0,59500.0,57048.9609375,11902471
2023-03-13,59900.0,60200.0,59300.0,60000.0,57528.36328125,12779724
2023-03-14,59400.0,59500.0,59000.0,59000.0,56569.55859375,12147346
2023-03-15,60000.0,60300.0,59600.0,59800.0,57336.6015625,10482149
2023-03-16,59200.0,60200.0,59100.0,59900.0,57432.48046875,10611939
2023-03-17,60800.0,61300.0,60600.0,61300.0,58774.81640625,14090110
2023-03-20,61100.0,61200.0,60200.0,60200.0,57720.125,9618009
2023-03-21,60500.0,60700.0,60100.0,60300.0,57816.0078125,8318514
2023-03-22,61000.0,61200.0,60500.0,61100.0,58583.05078125,8978591
2023-03-23,60600.0,62300.0,60600.0,62300.0,59733.6171875,15381057
2023-03-24,62700.0,63300.0,62300.0,63000.0,60404.78515625,18278602
2023-03-27,62600.0,62800.0,62000.0,62100.0,59541.85546875,11039331
2023-03-28,62400.0,62900.0,62100.0,62900.0,60308.91015625,11614118
2023-03-29,62500.0,62700.0,62200.0,62700.0,60117.13671875,11216008
2023-03-30,63700.0,63700.0,63100.0,63200.0,60947.44921875,15684377
2023-03-31,64000.0,64000.0,63700.0,64000.0,61718.94140625,14094479
2023-04-03,64000.0,64000.0,63000.0,63100.0,60851.015625,11973133
2023-04-04,63400.0,63800.0,62800.0,63600.0,61333.1953125,11120514
2023-04-05,63700.0,64000.0,63400.0,63900.0,61622.5,9176149
2023-04-06,63500.0,63600.0,62300.0,62300.0,60079.53125,14992747
2023-04-07,63800.0,65200.0,63800.0,65000.0,62683.296875,27476120
2023-04-10,64800.0,66300.0,64700.0,65700.0,63358.34765625,18777166
2023-04-11,66200.0,66200.0,65400.0,65900.0,63551.22265625,16323183
2023-04-12,65800.0,66200.0,65300.0,66000.0,63647.65625,15021313
2023-04-13,65600.0,66100.0,65400.0,66100.0,63744.09375,15091022
2023-04-14,66600.0,66600.0,65000.0,65100.0,62779.734375,16176490
2023-04-17,65000.0,65600.0,64700.0,65300.0,62972.60546875,13486618
2023-04-18,65900.0,66000.0,64800.0,65600.0,63261.9140625,14802060
2023-04-19,65500.0,65800.0,65300.0,65500.0,63165.48046875,10255985
2023-04-20,65100.0,65300.0,64600.0,65300.0,62972.60546875,9501169
2023-04-21,65800.0,65900.0,65400.0,65700.0,63358.34765625,10538622
2023-04-24,65300.0,65700.0,64800.0,65200.0,62876.16796875,12986581
2023-04-25,65300.0,65400.0,63400.0,63600.0,61333.1953125,16193271
2023-04-26,63600.0,64300.0,63300.0,64100.0,61815.37890625,12664541
2023-04-27,64100.0,65000.0,63300.0,64600.0,62297.55078125,14779601
2023-04-28,65200.0,65900.0,65000.0,65500.0,63165.48046875,19699481
2023-05-02,66000.0,66300.0,65100.0,65700.0,63358.34765625,14396948
2023-05-03,65100.0,65600.0,64900.0,65400.0,63069.04296875,8876749
2023-05-04,65600.0,65700.0,64700.0,65100.0,62779.734375,9791064
2023-05-08,66300.0,66300.0,65400.0,65900.0,63551.22265625,9405365
2023-05-09,65800.0,65800.0,65100.0,65300.0,62972.60546875,9366861
2023-05-10,65500.0,65500.0,64300.0,64600.0,62297.55078125,13057727
2023-05-11,64700.0,65100.0,64200.0,64200.0,61911.8125,11648905
2023-05-12,63700.0,64600.0,63600.0,64100.0,61815.37890625,8693913
2023-05-15,64100.0,64600.0,63900.0,64500.0,62201.12109375,8172021
2023-05-16,65800.0,65900.0,65300.0,65400.0,63069.04296875,12334657
2023-05-17,65900.0,65900.0,64800.0,65000.0,62683.296875,10745504
2023-05-18,66000.0,66200.0,65700.0,66200.0,63840.52734375,14431704
2023-05-19,67800.0,68400.0,67500.0,68400.0,65962.109375,20349345
2023-05-22,68400.0,69000.0,68000.0,68500.0,66058.546875,14470308
2023-05-23,68500.0,68700.0,68100.0,68400.0,65962.109375,8561643
2023-05-24,68100.0,68700.0,68000.0,68500.0,66058.546875,8192896
2023-05-25,69900.0,70000.0,68700.0,68800.0,66347.8671875,14231160
2023-05-26,69800.0,70400.0,69500.0,70300.0,67794.40625,19549511
2023-05-30,71300.0,72300.0,71200.0,72300.0,69723.1171875,27476897
2023-05-31,72400.0,72500.0,71000.0,71400.0,68855.1875,25666087
2023-06-01,70900.0,71600.0,70600.0,70900.0,68373.0078125,14669296
2023-06-02,71700.0,72200.0,71600.0,72200.0,69626.6796875,12161798
2023-06-05,72700.0,72700.0,71400.0,71700.0,69144.4921875,12686829
2023-06-07,71300.0,71600.0,70800.0,71000.0,68469.453125,14796613
2023-06-08,70400.0,70900.0,70000.0,70900.0,68373.0078125,19165568
2023-06-09,71100.0,72300.0,70800.0,72000.0,69433.8125,15050209
2023-06-12,72100.0,72400.0,70800.0,71000.0,68469.453125,12064287
2023-06-13,71700.0,72200.0,71600.0,72000.0,69433.8125,13227285
2023-06-14,72100.0,72200.0,71100.0,71900.0,69337.3671875,12541046
2023-06-15,72100.0,72300.0,71300.0,71500.0,68951.6171875,13614994
2023-06-16,71800.0,71900.0,70900.0,71800.0,69240.9375,15373696
2023-06-19,71300.0,71700.0,70900.0,71200.0,68662.3203125,11100887
2023-06-20,70700.0,71400.0,70400.0,71400.0,68855.1875,11557883
2023-06-21,70700.0,71200.0,70400.0,70500.0,67987.2734375,10626603
2023-06-22,70200.0,71500.0,70100.0,71300.0,68758.75,11411007
2023-06-23,72000.0,72200.0,71600.0,71600.0,69048.0625,12329484
2023-06-26,71700.0,72500.0,71500.0,72400.0,69819.5546875,10541901
2023-06-27,72500.0,72600.0,72000.0,72600.0,70012.4140625,9442997
2023-06-28,72600.0,72700.0,72000.0,72700.0,70108.859375,8783093
2023-06-29,73100.0,73400.0,72400.0,72400.0,70167.9765625,12229967
2023-06-30,72500.0,72700.0,71700.0,72200.0,69974.1484375,11694765
2023-07-03,72700.0,73200.0,72600.0,73000.0,70749.484375,10722181
2023-07-04,73400.0,73600.0,72900.0,73000.0,70749.484375,10214350
2023-07-05,73000.0,73300.0,71900.0,72000.0,69780.3046875,12310610
2023-07-06,71900.0,72400.0,71500.0,71600.0,69392.640625,14777667
2023-07-07,71100.0,71400.0,69800.0,69900.0,67745.046875,17308877
2023-07-10,70000.0,70400.0,69200.0,69500.0,67357.375,11713926
2023-07-11,70200.0,71500.0,70100.0,71500.0,69295.71875,12177392
2023-07-12,71200.0,72000.0,71100.0,71900.0,69683.390625,10375581
2023-07-13,72400.0,72600.0,71900.0,71900.0,69683.390625,14417279
2023-07-14,72500.0,73400.0,72400.0,73400.0,71137.140625,15882519
2023-07-17,73200.0,73500.0,72800.0,73300.0,71040.2265625,10060049
2023-07-18,73200.0,73500.0,72000.0,72000.0,69780.3046875,11697900
2023-07-19,72700.0,72800.0,71300.0,71700.0,69489.546875,10896412
2023-07-20,71100.0,71500.0,70800.0,71000.0,68811.1484375,9732730
2023-07-21,70400.0,70400.0,69400.0,70300.0,68132.71875,16528926
2023-07-24,70100.0,70900.0,69900.0,70400.0,68229.640625,13418597
2023-07-25,70000.0,70500.0,69800.0,70000.0,67841.9609375,14314945
2023-07-26,69800.0,70600.0,68100.0,69800.0,67648.1328125,30016221
2023-07-27,69900.0,71700.0,69300.0,71700.0,69489.546875,24261179
2023-07-28,71800.0,72400.0,70100.0,70600.0,68423.4609375,19420683
2023-07-31,70900.0,71000.0,69800.0,69800.0,67648.1328125,13035420
2023-08-01,70100.0,71200.0,70000.0,71100.0,68908.0625,12299254
2023-08-02,70700.0,71000.0,69800.0,69900.0,67745.046875,13835020
2023-08-03,69900.0,70200.0,68500.0,68800.0,66678.953125,20087090
2023-08-04,68800.0,69100.0,68200.0,68300.0,66194.375,12360193
2023-08-07,67700.0,69200.0,67600.0,68500.0,66388.2109375,10968505
2023-08-08,69000.0,69100.0,67400.0,67600.0,65515.953125,14664709
2023-08-09,68000.0,69600.0,67900.0,68900.0,66775.8828125,17259673
2023-08-10,68300.0,68500.0,67800.0,68000.0,65903.625,10227311
2023-08-11,68400.0,68800.0,67500.0,67500.0,65419.03125,9781038
2023-08-14,67500.0,67900.0,66900.0,67300.0,65225.20703125,9352343
2023-08-16,66700.0,67100.0,66300.0,67000.0,64934.453125,13174578
2023-08-17,66300.0,66800.0,66000.0,66700.0,64643.703125,10778652
2023-08-18,66000.0,66700.0,65800.0,66300.0,64256.03125,11745006
2023-08-21,66600.0,67100.0,66300.0,66600.0,64546.78125,9720067
2023-08-22,67200.0,67700.0,66300.0,66600.0,64546.78125,10500242
2023-08-23,66700.0,67100.0,66400.0,67100.0,65031.37109375,9549352
2023-08-24,68300.0,68700.0,67900.0,68200.0,66097.453125,15044463
2023-08-25,67100.0,67400.0,66900.0,67100.0,65031.37109375,7032462
2023-08-28,66800.0,67000.0,66500.0,66800.0,64740.625,5824628
2023-08-29,66900.0,67200.0,66600.0,66800.0,64740.625,9114352
2023-08-30,67300.0,67700.0,67100.0,67100.0,65031.37109375,9181223
2023-08-31,67100.0,67200.0,66400.0,66900.0,64837.5390625,15964630
2023-09-01,66800.0,71000.0,66700.0,71000.0,68811.1484375,29738235
2023-09-04,72900.0,72900.0,70700.0,71200.0,69004.984375,26286495
2023-09-05,70900.0,71500.0,70200.0,70700.0,68520.3828125,12330239
2023-09-06,70700.0,70800.0,69700.0,70000.0,67841.9609375,11414620
2023-09-07,70000.0,70600.0,69600.0,70400.0,68229.640625,13741241
2023-09-08,70200.0,70300.0,69600.0,70300.0,68132.71875,10688118
2023-09-11,70400.0,70800.0,70000.0,70800.0,68617.296875,11785462
2023-09-12,70800.0,71000.0,70400.0,70500.0,68326.5546875,11688599
2023-09-13,71100.0,71600.0,70300.0,70900.0,68714.21875,15955797
2023-09-14,71200.0,71800.0,70800.0,71700.0,69489.546875,21041407
2023-09-15,71700.0,72300.0,71400.0,72000.0,69780.3046875,17823512
2023-09-18,71300.0,71700.0,70200.0,70200.0,68035.796875,16040727
2023-09-19,70400.0,70800.0,69600.0,69800.0,67648.1328125,11820188
2023-09-20,70000.0,70300.0,69500.0,69600.0,67454.2890625,10873015
2023-09-21,69200.0,69800.0,68800.0,68900.0,66775.8828125,10796336
2023-09-22,68300.0,68900.0,68300.0,68800.0,66678.953125,9897840
2023-09-25,68500.0,69700.0,68500.0,69400.0,67260.4609375,13582516
2023-09-26,70000.0,70000.0,68400.0,68600.0,66832.7734375,13143470
2023-09-27,68600.0,69100.0,68200.0,68400.0,66637.9296875,14886491
2023-10-04,67400.0,67700.0,66700.0,67500.0,65761.109375,23361149
2023-10-05,67300.0,67400.0,66700.0,66700.0,64981.72265625,16108313
2023-10-06,67100.0,67300.0,66000.0,66000.0,64299.75390625,14386527
2023-10-10,66200.0,67600.0,66200.0,66400.0,64689.4453125,19889202
2023-10-11,68600.0,69400.0,67900.0,68200.0,66443.078125,25209349
2023-10-12,68600.0,69700.0,68200.0,68900.0,67125.046875,19311380
2023-10-13,68000.0,68500.0,67700.0,68000.0,66248.234375,9724086
2023-10-16,67900.0,68500.0,66800.0,67300.0,65566.265625,12599299
2023-10-17,67700.0,69900.0,67400.0,69400.0,67612.1640625,17299253
2023-10-18,68900.0,70500.0,68800.0,70500.0,68683.828125,16493184
2023-10-19,69700.0,70000.0,69400.0,69500.0,67709.578125,13985012
2023-10-20,68900.0,69200.0,68100.0,68800.0,67027.6171875,15204495
2023-10-23,68700.0,69100.0,68200.0,68400.0,66637.9296875,11625959
2023-10-24,68700.0,68800.0,67700.0,68500.0,66735.3515625,12791710
2023-10-25,68800.0,68800.0,67900.0,68000.0,66248.234375,10610703
2023-10-26,67000.0,67900.0,66700.0,66700.0,64981.72265625,15517624
2023-10-27,67100.0,67300.0,66700.0,67300.0,65566.265625,11334726
2023-10-30,66800.0,67800.0,66700.0,67300.0,65566.265625,10139270
2023-10-31,67600.0,68300.0,66900.0,66900.0,65176.5703125,14488892
2023-11-01,67500.0,68900.0,67300.0,68600.0,66832.7734375,13775256
2023-11-02,70000.0,70000.0,69400.0,69700.0,67904.4296875,16350031
2023-11-03,69700.0,70200.0,69500.0,69600.0,67807.0078125,10322234
2023-11-06,69800.0,70900.0,69300.0,70900.0,69073.5234375,22228489
2023-11-07,70600.0,70900.0,70000.0,70900.0,69073.5234375,17228731
2023-11-08,71300.0,71400.0,69700.0,69900.0,68099.28125,12901310
2023-11-09,69900.0,70800.0,69600.0,70300.0,68488.984375,12301373
2023-11-10,70000.0,70500.0,69500.0,70500.0,68683.828125,9684347
2023-11-13,71300.0,71300.0,70300.0,70400.0,68586.40625,9246919
2023-11-14,71000.0,71100.0,70600.0,70800.0,68976.09375,9567984
2023-11-15,71600.0,72200.0,71500.0,72200.0,70340.0390625,20148677
2023-11-16,72500.0,73000.0,72300.0,72800.0,70924.578125,15860451
2023-11-17,72300.0,73000.0,72300.0,72500.0,70632.3046875,11494644
2023-11-20,72100.0,73000.0,72100.0,72700.0,70827.15625,10610157
2023-11-21,73100.0,73400.0,72700.0,72800.0,70924.578125,9712881
2023-11-22,72200.0,73000.0,71900.0,72800.0,70924.578125,11105143
2023-11-23,73000.0,73200.0,72200.0,72400.0,70534.875,6775614
2023-11-24,72400.0,72600.0,71700.0,71700.0,69852.90625,6676685
2023-11-27,71500.0,72100.0,71100.0,71300.0,69463.2109375,9113857
2023-11-28,71400.0,72700.0,71300.0,72700.0,70827.15625,13283081
2023-11-29,72400.0,72800.0,72200.0,72700.0,70827.15625,9283933
2023-11-30,72700.0,72800.0,72200.0,72800.0,70924.578125,15783714
2023-12-01,72400.0,72500.0,71700.0,72000.0,70145.1875,9871284
2023-12-04,72800.0,72900.0,72400.0,72600.0,70729.7265625,10229267
2023-12-05,72300.0,72400.0,71200.0,71200.0,69365.8046875,12129682
2023-12-06,71800.0,72100.0,71600.0,71700.0,69852.90625,8123087
2023-12-07,71800.0,71900.0,71100.0,71500.0,69658.0625,8862017
2023-12-08,72100.0,72800.0,71900.0,72600.0,70729.7265625,10859463
2023-12-11,72800.0,73000.0,72200.0,73000.0,71119.4296875,9861960
2023-12-12,73300.0,73500.0,73100.0,73500.0,71606.5390625,13758646
2023-12-13,73300.0,73500.0,72800.0,72800.0,70924.578125,13116766
2023-12-14,74100.0,74300.0,72500.0,73100.0,71216.8515625,27567593
2023-12-15,73800.0,74000.0,73200.0,73300.0,71411.6953125,15419815
2023-12-18,73300.0,73400.0,72800.0,72900.0,71022.0,9690551
2023-12-19,73000.0,73400.0,72800.0,73400.0,71509.109375,8907632
2023-12-20,74200.0,74900.0,73800.0,74800.0,72873.0625,16870156
2023-12-21,74600.0,75000.0,74300.0,75000.0,73067.8984375,13478766
2023-12-22,75800.0,76300.0,75400.0,75900.0,73944.7109375,14515608
2023-12-26,76100.0,76700.0,75700.0,76600.0,74626.6796875,13164909
2023-12-27,76700.0,78000.0,76500.0,78000.0,76350.4375,20651042
2023-12-28,77700.0,78500.0,77500.0,78500.0,76839.875,17797536
2024-01-02,78200.0,79800.0,78200.0,79600.0,77916.609375,17142847
2024-01-03,78500.0,78800.0,77000.0,77000.0,75371.5859375,21753644
2024-01-04,76100.0,77300.0,76100.0,76600.0,74980.0546875,15324439
2024-01-05,76700.0,77100.0,76400.0,76600.0,74980.0546875,11304316
2024-01-08,77000.0,77500.0,76400.0,76500.0,74882.171875,11088724
2024-01-09,77400.0,77700.0,74300.0,74700.0,73120.234375,26019249
2024-01-10,75000.0,75200.0,73200.0,73600.0,72043.4921875,20259529
2024-01-11,72900.0,73600.0,72700.0,73200.0,71651.953125,57691266
2024-01-12,73000.0,74100.0,72800.0,73100.0,71554.078125,13038939
2024-01-15,73200.0,74000.0,73200.0,73900.0,72337.1484375,2957915
2024-01-16,73500.0,73700.0,72500.0,72600.0,71064.640625,14760415
2024-01-17,73100.0,73300.0,71000.0,71000.0,69498.484375,22683660
2024-01-18,71600.0,72000.0,70700.0,71700.0,70183.6796875,17853397
2024-01-19,73500.0,74700.0,73000.0,74700.0,73120.234375,23363427
2024-01-22,75900.0,76000.0,75000.0,75100.0,73511.7734375,19673375
2024-01-23,75700.0,75800.0,74300.0,75200.0,73609.65625,14786224
2024-01-24,75200.0,75200.0,73500.0,74000.0,72435.0390625,12860661
2024-01-25,74200.0,74800.0,73700.0,74100.0,72532.9296875,11737747
2024-01-26,73700.0,74500.0,73300.0,73400.0,71847.7265625,11160062
2024-01-29,73800.0,75200.0,73500.0,74400.0,72826.578125,13976521
2024-01-30,75000.0,75300.0,73700.0,74300.0,72728.6953125,12244418
2024-01-31,73400.0,74000.0,72500.0,72700.0,71162.5234375,15703560
2024-02-01,73000.0,74200.0,72900.0,73600.0,72043.4921875,19881033
2024-02-02,74000.0,75200.0,73700.0,75200.0,73609.65625,14955881
2024-02-05,74200.0,74800.0,73500.0,74300.0,72728.6953125,19026021
2024-02-06,74300.0,74700.0,73300.0,74400.0,72826.578125,14559254
2024-02-07,74600.0,75500.0,74300.0,75000.0,73413.8828125,16566445
2024-02-08,75000.0,75200.0,73600.0,74100.0,72532.9296875,20810708
2024-02-13,74800.0,75200.0,74400.0,75200.0,73609.65625,21966745
2024-02-14,73700.0,74300.0,73700.0,74000.0,72435.0390625,12434945
2024-02-15,74200.0,74400.0,73000.0,73200.0,71651.953125,14120600
2024-02-16,73300.0,73400.0,72500.0,72800.0,71260.4140625,13444781
2024-02-19,72800.0,73900.0,72800.0,73800.0,72239.265625,12726404
2024-02-20,73700.0,73700.0,72800.0,73300.0,71749.84375,14681477
2024-02-21,73400.0,73700.0,72900.0,73000.0,71456.1875,11503495
2024-02-22,73800.0,73900.0,72700.0,73100.0,71554.078125,15208934
2024-02-23,73600.0,74200.0,72900.0,72900.0,71358.2890625,16225166
2024-02-26,72300.0,73200.0,72200.0,72800.0,71260.4140625,14669352
2024-02-27,73100.0,73400.0,72700.0,72900.0,71358.2890625,13201981
2024-02-28,72900.0,73900.0,72800.0,73200.0,71651.953125,11795859
2024-02-29,72600.0,73400.0,72000.0,73400.0,71847.7265625,21176403
2024-03-04,74300.0,75000.0,74000.0,74900.0,73316.0,23210474
2024-03-05,74600.0,74800.0,73700.0,73700.0,72141.375,19505125
2024-03-06,73200.0,73500.0,72700.0,72900.0,71358.2890625,21547905
2024-03-07,73100.0,73300.0,72200.0,72200.0,70673.109375,14516963
2024-03-08,72800.0,73400.0,72600.0,73300.0,71749.84375,19271349
2024-03-11,72900.0,73100.0,72300.0,72400.0,70868.875,9740504
2024-03-12,72600.0,73500.0,72100.0,73300.0,71749.84375,13011654
2024-03-13,73700.0,74100.0,73500.0,74100.0,72532.9296875,15243134
2024-03-14,74400.0,74500.0,73600.0,74300.0,72728.6953125,22545539
2024-03-15,73400.0,73700.0,72300.0,72300.0,70770.9921875,22580555
2024-03-18,72600.0,73000.0,72500.0,72800.0,71260.4140625,11520348
2024-03-19,72300.0,73000.0,71700.0,72800.0,71260.4140625,15376066
2024-03-20,73700.0,77200.0,73400.0,76900.0,75273.703125,50106297
2024-03-21,79200.0,79300.0,77700.0,79300.0,77622.9453125,44569799
2024-03-22,79600.0,79900.0,77800.0,78900.0,77231.40625,26724761
2024-03-25,79600.0,79800.0,77800.0,78200.0,76546.21875,18703996
2024-03-26,79700.0,80100.0,79200.0,79900.0,78210.265625,30551494
2024-03-27,79200.0,80000.0,79200.0,79800.0,78112.375,17424595
2024-03-28,79400.0,81000.0,79200.0,80800.0,79450.640625,25084812
2024-03-29,81200.0,82500.0,80900.0,82400.0,81023.921875,27126366
2024-04-01,83200.0,83300.0,82000.0,82000.0,80630.609375,20116513
2024-04-02,82900.0,85000.0,82900.0,85000.0,83580.5078125,37077944
2024-04-03,84300.0,85000.0,83500.0,84100.0,82695.5390625,30493347
2024-04-04,85200.0,85500.0,84300.0,85300.0,83875.4921875,25248934
2024-04-05,84500.0,85000.0,83800.0,84500.0,83088.859375,18883752
2024-04-08,85200.0,86000.0,84500.0,84500.0,83088.859375,18953232
2024-04-09,84500.0,84900.0,83100.0,83600.0,82203.890625,23725956
2024-04-11,83200.0,84700.0,82500.0,84100.0,82695.5390625,25538009
2024-04-12,84700.0,84900.0,83200.0,83700.0,82302.2109375,17061770
2024-04-15,82900.0,83200.0,81200.0,82200.0,80827.2734375,26663772
2024-04-16,81200.0,81300.0,79400.0,80000.0,78664.015625,31949845
2024-04-17,80700.0,80800.0,78900.0,78900.0,77582.375,22611631
2024-04-18,78800.0,80100.0,78300.0,79600.0,78270.6875,21370190
2024-04-19,78300.0,78700.0,76300.0,77600.0,76304.0859375,31317563
2024-04-22,77400.0,77500.0,75100.0,76100.0,74829.1328125,30469477
2024-04-23,76400.0,76800.0,75500.0,75500.0,74239.1640625,18717699
2024-04-24,77500.0,78800.0,77200.0,78600.0,77287.3828125,22166150
2024-04-25,77300.0,77500.0,76300.0,76300.0,75025.8046875,15549134
2024-04-26,77800.0,77900.0,76500.0,76700.0,75419.1171875,12755629
2024-04-29,77400.0,77600.0,76200.0,76700.0,75419.1171875,14664474
2024-04-30,77000.0,78500.0,76600.0,77500.0,76205.7578125,19007007
2024-05-02,77600.0,78600.0,77300.0,78000.0,76697.40625,18900640
2024-05-03,79000.0,79000.0,77500.0,77600.0,76304.0859375,13151889
2024-05-07,79600.0,81300.0,79400.0,81300.0,79942.3046875,26238868
2024-05-08,80800.0,81400.0,80500.0,81300.0,79942.3046875,13089576
2024-05-09,81100.0,81500.0,79700.0,79700.0,78369.0234375,18759935
2024-05-10,80400.0,81100.0,78900.0,79200.0,77877.3671875,16976124
2024-05-13,79400.0,79900.0,77600.0,78400.0,77090.734375,18652344
2024-05-14,78600.0,78800.0,77900.0,78300.0,76992.3984375,11763992
2024-05-16,80200.0,80300.0,78100.0,78200.0,76894.0703125,20989778
2024-05-17,78600.0,78800.0,77200.0,77400.0,76107.421875,15918201
2024-05-20,78100.0,79100.0,77900.0,78900.0,77582.375,19456783
2024-05-21,78500.0,79000.0,78200.0,78400.0,77090.734375,13690583
2024-05-22,78100.0,78700.0,77300.0,77700.0,76402.4140625,19521506
2024-05-23,77700.0,79100.0,77100.0,78300.0,76992.3984375,18728087
2024-05-24,76800.0,77000.0,75700.0,75900.0,74632.4765625,27891278
2024-05-27,75300.0,78200.0,74000.0,77200.0,75910.765625,43825202
2024-05-28,76500.0,78000.0,76200.0,77600.0,76304.0859375,18539072
2024-05-29,77700.0,78200.0,75200.0,75200.0,73944.171875,30244875
2024-05-30,74800.0,75200.0,73500.0,73500.0,72272.5546875,28551273
2024-05-31,74500.0,74700.0,73500.0,73500.0,72272.5546875,26198776
2024-06-03,74400.0,76400.0,74200.0,75700.0,74435.8125,15706268
2024-06-04,74900.0,76100.0,74900.0,75300.0,74042.5,14098053
2024-06-05,78000.0,78000.0,76800.0,77400.0,76107.421875,23177968
2024-06-07,78400.0,78600.0,77100.0,77300.0,76009.09375,21189349
2024-06-10,76100.0,76600.0,75600.0,75700.0,74435.8125,14598755
2024-06-11,75900.0,76000.0,75100.0,75200.0,73944.171875,16971175
2024-06-12,75300.0,77100.0,75200.0,76500.0,75222.4609375,19246725
2024-06-13,78400.0,79000.0,77800.0,78600.0,77287.3828125,33763804
2024-06-14,79700.0,80500.0,79000.0,79600.0,78270.6875,22926612
2024-06-17,79200.0,79500.0,78000.0,78100.0,76795.7421875,16123051
2024-06-18,78700.0,80200.0,78600.0,79800.0,78467.3515625,18207598
2024-06-19,81100.0,82500.0,80500.0,81200.0,79843.96875,24168863
2024-06-20,81500.0,82200.0,81200.0,81600.0,80237.2890625,20288913
2024-06-21,80700.0,80800.0,80000.0,80000.0,78664.015625,17907523
2024-06-24,79700.0,80900.0,79500.0,80600.0,79253.9921875,15454227
2024-06-25,80600.0,81800.0,80100.0,80800.0,79450.640625,19088458
2024-06-26,80100.0,81400.0,79900.0,81300.0,79942.3046875,17783242
2024-06-27,81300.0,81600.0,80500.0,81600.0,80595.1640625,11739720
2024-06-28,81900.0,81900.0,80800.0,81500.0,80496.390625,9455929
2024-07-01,81500.0,82100.0,81300.0,81800.0,80792.6953125,11317202
2024-07-02,82500.0,82600.0,81500.0,81800.0,80792.6953125,14471904
2024-07-03,82300.0,82300.0,81000.0,81800.0,80792.6953125,11440328
2024-07-04,82900.0,84700.0,82400.0,84600.0,83558.21875,43857229
2024-07-05,85600.0,87100.0,85200.0,87100.0,86027.4375,45791193
2024-07-08,87900.0,88600.0,86900.0,87400.0,86323.7421875,24035809
2024-07-09,87800.0,88200.0,86900.0,87800.0,86718.8125,21336201
2024-07-10,87600.0,88000.0,87100.0,87800.0,86718.8125,17813847
2024-07-11,88500.0,88800.0,86700.0,87600.0,86521.2734375,24677608
2024-07-12,85900.0,86100.0,84100.0,84400.0,83360.6796875,26344386
2024-07-15,84700.0,87300.0,84100.0,86700.0,85632.359375,25193080
2024-07-16,86900.0,88000.0,86700.0,87700.0,86620.046875,16166688
2024-07-17,87100.0,88000.0,86400.0,86700.0,85632.359375,18186490
2024-07-18,83800.0,86900.0,83800.0,86900.0,85829.890625,24721790
2024-07-19,85600.0,86100.0,84100.0,84400.0,83360.6796875,18569122
2024-07-22,84400.0,84900.0,82600.0,83000.0,81977.921875,18987560
2024-07-23,84200.0,84700.0,83400.0,83900.0,82866.8359375,15766389
2024-07-24,82900.0,83300.0,81900.0,82000.0,80990.234375,16939083
2024-07-25,80400.0,81000.0,80100.0,80400.0,79409.9375,20323811
2024-07-26,80700.0,81300.0,80400.0,80900.0,79903.78125,14508334
2024-07-29,81600.0,82000.0,81100.0,81200.0,80200.0859375,12797136
2024-07-30,80400.0,81000.0,80000.0,81000.0,80002.5546875,13169636
2024-07-31,81200.0,83900.0,80900.0,83900.0,82866.8359375,20744323
2024-08-01,86000.0,86100.0,83100.0,83100.0,82076.6875,20900338
2024-08-02,81000.0,81400.0,79500.0,79600.0,78619.7890625,25800275
2024-08-05,76700.0,76900.0,70200.0,71400.0,70520.765625,54608790
2024-08-06,74900.0,75300.0,72300.0,72500.0,71607.21875,47295226
2024-08-07,73000.0,76000.0,72800.0,74700.0,73780.125,32710428
2024-08-08,73200.0,73900.0,72500.0,73400.0,72496.140625,28414729
2024-08-09,75700.0,75800.0,74200.0,74700.0,73780.125,16388222
2024-08-12,75200.0,75900.0,74800.0,75500.0,74570.28125,9839259
2024-08-13,76500.0,76600.0,75500.0,76100.0,75162.8828125,10716261
2024-08-14,77400.0,77800.0,77000.0,77200.0,76249.34375,13246168
2024-08-16,79400.0,80200.0,78700.0,80200.0,79212.3984375,22061478
2024-08-19,80100.0,80100.0,78000.0,78300.0,77335.796875,14146565
2024-08-20,79500.0,79800.0,78700.0,78900.0,77928.40625,10683836
2024-08-21,77900.0,78600.0,77800.0,78300.0,77335.796875,7805598
2024-08-22,78700.0,78900.0,77800.0,78300.0,77335.796875,8149101
2024-08-23,77700.0,78400.0,77500.0,77700.0,76743.1796875,9420306
2024-08-26,78100.0,78200.0,76000.0,76100.0,75162.8828125,15655938
2024-08-27,75700.0,76500.0,75600.0,75800.0,74866.578125,11130145
2024-08-28,75800.0,76400.0,75400.0,76400.0,75459.1953125,9794514
2024-08-29,73600.0,74700.0,73500.0,74000.0,73088.75,16884479
2024-08-30,74400.0,75000.0,74100.0,74300.0,73385.0546875,16358520
2024-09-02,74500.0,74700.0,73500.0,74400.0,73483.8203125,12641376
2024-09-03,74100.0,74300.0,72500.0,72500.0,71607.21875,16314599
2024-09-04,69800.0,71100.0,69800.0,70000.0,69138.0,27366563
2024-09-05,70100.0,71200.0,69000.0,69000.0,68150.3203125,25686769
2024-09-06,69100.0,69700.0,68000.0,68900.0,68051.5546875,19022299
2024-09-09,66900.0,68200.0,66600.0,67500.0,66668.7890625,23263298
2024-09-10,67000.0,67300.0,66000.0,66200.0,65384.796875,30651376
2024-09-11,65100.0,65500.0,64200.0,64900.0,64100.80859375,35809707
2024-09-12,66000.0,66600.0,65200.0,66300.0,65483.5703125,35884106
2024-09-13,65000.0,65500.0,64300.0,64400.0,63606.96875,25045135
2024-09-19,64000.0,64400.0,62200.0,63100.0,62322.97265625,49402713
2024-09-20,63800.0,64700.0,63000.0,63000.0,62224.20703125,32746056
2024-09-23,62300.0,63500.0,62200.0,62600.0,61829.12890625,28542376
2024-09-24,62800.0,63400.0,62400.0,63200.0,62421.7421875,26957500
2024-09-25,63800.0,64200.0,62200.0,62200.0,61434.05859375,28652438
2024-09-26,63900.0,64900.0,63700.0,64700.0,63903.26953125,37566015
2024-09-27,64700.0,65400.0,64200.0,64200.0,63765.2109375,28433030
2024-09-30,64200.0,64300.0,61500.0,61500.0,61083.49609375,32694163
2024-10-02,60500.0,61900.0,59900.0,61300.0,60884.8515625,28473536
2024-10-04,61000.0,61700.0,60500.0,60600.0,60189.59375,24247578
2024-10-07,60200.0,61900.0,59500.0,61000.0,60586.8828125,35066533
2024-10-08,60000.0,61000.0,59900.0,60300.0,59891.625,27411786
2024-10-10,60100.0,60200.0,58900.0,58900.0,58501.10546875,45262214
2024-10-11,59100.0,60100.0,59000.0,59300.0,58898.3984375,29623969
2024-10-14,59500.0,61200.0,59400.0,59300.0,58898.3984375,20886249
2024-10-15,61100.0,61400.0,60100.0,61000.0,60586.8828125,22715239
2024-10-16,59400.0,60000.0,59200.0,59500.0,59097.04296875,23303268
2024-10-17,59400.0,60100.0,59100.0,59700.0,59295.6875,23372873
2024-10-18,59900.0,60100.0,59100.0,59200.0,58799.07421875,14420260
2024-10-21,59000.0,59600.0,58500.0,59000.0,58600.4296875,18514905
2024-10-22,58800.0,58900.0,57700.0,57700.0,57309.234375,27582527
2024-10-23,57500.0,60000.0,57100.0,59100.0,58699.75,27300780
2024-10-24,58200.0,58500.0,56600.0,56600.0,56216.68359375,31499922
2024-10-25,56000.0,56900.0,55800.0,55900.0,55521.421875,25829315
2024-10-28,55700.0,58500.0,55700.0,58100.0,57706.5234375,27775009
2024-10-29,58000.0,59600.0,57300.0,59600.0,59196.36328125,28369314
2024-10-30,59100.0,59800.0,58600.0,59100.0,58699.75,19838511
2024-10-31,58500.0,61200.0,58300.0,59200.0,58799.07421875,35809196
2024-11-01,59000.0,59600.0,58100.0,58300.0,57905.16796875,19083180
2024-11-04,58600.0,59400.0,58400.0,58700.0,58302.4609375,15586947
2024-11-05,57800.0,58100.0,57200.0,57600.0,57209.91015625,17484474
2024-11-06,57600.0,58000.0,56300.0,57300.0,56911.94140625,22092218
2024-11-07,56900.0,58100.0,56800.0,57300.0,56911.94140625,17043102
2024-11-08,58000.0,58300.0,57000.0,57000.0,56613.97265625,13877396
2024-11-11,56700.0,56800.0,55000.0,55000.0,54627.51953125,29811326
2024-11-12,54600.0,54600.0,53000.0,53000.0,52641.0625,37962881
2024-11-13,52000.0,53000.0,50500.0,50600.0,50257.31640625,52527995
2024-11-14,50200.0,51800.0,49900.0,49900.0,49562.05859375,48510715
2024-11-15,50300.0,54200.0,50300.0,53500.0,53137.67578125,46774485
2024-11-18,57000.0,57500.0,55900.0,56700.0,56316.00390625,48095234
2024-11-19,56500.0,57500.0,55900.0,56300.0,55918.71484375,31539632
2024-11-20,56100.0,56500.0,54800.0,55300.0,54925.48828125,20864667
2024-11-21,54900.0,56900.0,54700.0,56400.0,56018.03515625,19096850
2024-11-22,56000.0,56700.0,55900.0,56000.0,55620.74609375,15281543
2024-11-25,57400.0,57900.0,56700.0,57900.0,57507.87890625,36237325
2024-11-26,57900.0,58900.0,57500.0,58300.0,57905.16796875,23209405
2024-11-27,57700.0,57800.0,56000.0,56300.0,55918.71484375,21808387
2024-11-28,56000.0,56400.0,55200.0,55500.0,55124.1328125,20001134
2024-11-29,55100.0,55300.0,53800.0,54200.0,53832.9375,24513531
2024-12-02,54300.0,54400.0,53100.0,53600.0,53237.0,22044867
2024-12-03,53100.0,54400.0,53100.0,53600.0,53237.0,23374603
2024-12-04,52000.0,53400.0,52000.0,53100.0,52740.38671875,29004766
2024-12-05,53200.0,54400.0,53200.0,53700.0,53336.3203125,23588277
2024-12-06,53900.0,54400.0,52700.0,54100.0,53733.61328125,22861874
2024-12-09,53500.0,54600.0,53200.0,53400.0,53038.35546875,26227680
2024-12-10,54500.0,54500.0,53700.0,54000.0,53634.2890625,20783970
2024-12-11,53600.0,54200.0,53400.0,54000.0,53634.2890625,14565947
2024-12-12,54000.0,56500.0,53900.0,55900.0,55521.421875,33476698
2024-12-13,55800.0,56300.0,55500.0,56100.0,55720.0703125,15908823
2024-12-16,56300.0,56600.0,55200.0,55600.0,55223.453125,15277277
2024-12-17,54700.0,55200.0,54000.0,54200.0,53832.9375,20215230
2024-12-18,54100.0,55400.0,54000.0,54900.0,54528.1953125,13698937
2024-12-19,53500.0,53800.0,53100.0,53100.0,52740.38671875,22481925
2024-12-20,52700.0,53100.0,51900.0,53000.0,52641.0625,24674774
2024-12-23,53400.0,54000.0,53300.0,53500.0,53137.67578125,13672650
2024-12-24,53700.0,54500.0,53600.0,54400.0,54031.58203125,11634677
2024-12-26,54500.0,54600.0,53500.0,53600.0,53237.0,10517075
2024-12-27,53500.0,54100.0,53200.0,53700.0,53700.0,10747196
2024-12-30,53300.0,54000.0,53100.0,53200.0,53200.0,12624702
2025-01-02,52700.0,53600.0,52300.0,53400.0,53400.0,16630538
2025-01-03,52800.0,55100.0,52800.0,54400.0,54400.0,19318046
2025-01-06,54400.0,56200.0,54300.0,55900.0,55900.0,19034284
2025-01-07,56800.0,57300.0,55400.0,55400.0,55400.0,17030235
2025-01-08,54800.0,57500.0,54700.0,57300.0,57300.0,26593553
2025-01-09,57600.0,57700.0,56100.0,56100.0,56100.0,24490592
2025-01-10,56100.0,56500.0,55200.0,55300.0,55300.0,16059223
2025-01-13,54600.0,55000.0,54100.0,54100.0,54100.0,16868600
2025-01-14,54200.0,54600.0,53700.0,53900.0,53900.0,17465926
2025-01-15,54100.0,54700.0,53500.0,53700.0,53700.0,18625025
2025-01-16,54200.0,55000.0,54100.0,54300.0,54300.0,18627298
2025-01-17,53800.0,54100.0,53200.0,53700.0,53700.0,18805344
2025-01-20,53600.0,53900.0,53300.0,53400.0,53400.0,11822531
2025-01-21,53700.0,54300.0,53300.0,53500.0,53500.0,13535702
2025-01-22,53400.0,54400.0,53100.0,54300.0,54300.0,18341991
2025-01-23,53700.0,54100.0,53500.0,53700.0,53700.0,15588067
2025-01-24,53600.0,53800.0,53200.0,53700.0,53700.0,11867631
2025-01-31,52200.0,53000.0,51700.0,52400.0,52400.0,42186279
2025-02-03,51100.0,51400.0,50800.0,51000.0,51000.0,32344897
2025-02-04,51600.0,53600.0,51500.0,52700.0,52700.0,27214851
2025-02-05,53600.0,53800.0,52800.0,52900.0,52900.0,15974885
2025-02-06,53400.0,54000.0,53200.0,54000.0,54000.0,16466025
2025-02-07,53900.0,54200.0,53600.0,53700.0,53700.0,14476866
2025-02-10,53000.0,55900.0,52900.0,55600.0,55600.0,27577591
2025-02-11,55500.0,56300.0,55000.0,55700.0,55700.0,24596196
2025-02-12,55100.0,55900.0,54500.0,55800.0,55800.0,26428596
2025-02-13,56100.0,56400.0,55600.0,55800.0,55800.0,22448377
2025-02-14,56000.0,57300.0,56000.0,56000.0,56000.0,23979779
2025-02-17,56100.0,56500.0,55700.0,56000.0,56000.0,11916027
2025-02-18,56200.0,57200.0,55900.0,56900.0,56900.0,23583848
